Price,Close,High,Low,Open,Volume
Ticker,NVDA,NVDA,NVDA,NVDA,NVDA
Date,,,,,
2022-01-03,30.061141967773438,30.649969635421968,29.72580924621189,29.75575031363,391547000
2022-01-04,29.231788635253906,30.40744692192532,28.292658836690123,30.216826539242714,527154000
2022-01-05,27.54913902282715,29.357538070443287,27.478280983281813,28.891465241719928,498064000
2022-01-06,28.121997833251953,28.381481331155296,27.01121087291353,27.585066961351565,454186000
2022-01-07,27.192848205566406,28.36551411614278,27.003225284481758,28.085072447229507,409939000
2022-01-10,27.34554672241211,27.41440984015935,25.593035959641192,26.528174103666952,594681000
2022-01-11,27.761720657348633,28.00922892073781,26.785665432331786,27.268702866777122,404089000
2022-01-12,27.943355560302734,28.538169841179762,27.553131884370423,28.01121930597054,383413000
2022-01-13,26.522180557250977,28.423392980029696,26.445332033149285,28.322593894132467,540171000
2022-01-14,26.888456344604492,27.142950637215478,26.1579107320568,26.24773202314796,395832000
2022-01-18,25.851516723632812,26.585056493540822,25.718781644651294,26.207807523404064,424270000
2022-01-19,25.017179489135742,26.490245813728656,25.00220991034634,26.02716920354063,488315000
2022-01-20,24.102005004882812,25.52816592790516,24.030147591877117,25.25371283114106,435181000
2022-01-21,23.327552795410156,24.77367281441049,23.216773308662557,23.460287925159797,718958000
2022-01-24,23.32555389404297,23.333537417415997,20.846490952240618,22.2856247841545,913982000
2022-01-25,22.279630661010742,22.89740178998286,21.95627520194665,22.501189559876266,664616000
2022-01-26,22.726743698120117,24.009189816429384,22.25568159985635,23.19381403507695,755959000
2022-01-27,21.900390625,23.94731523787376,21.63192420739024,23.52116377527102,573353000
2022-01-28,22.79461097717285,22.812574856114637,21.253678692839582,21.968255413826792,543774000
2022-01-31,24.437335968017578,24.460290972976274,23.00618592049365,23.135926717655092,564680000
2022-02-01,24.58903694152832,25.09502934074459,23.842522359091557,25.05411045530758,518925000
2022-02-02,25.19183921813965,25.765695425568413,24.50420733022387,25.742742319406254,543419000
2022-02-03,23.900402069091797,25.027157834017917,23.73273670872328,24.409388646213237,410178000
2022-02-04,24.27066421508789,24.586036123662737,23.585029410428525,23.924353784526822,354829000
2022-02-07,24.678857803344727,25.13195412147848,24.153902167281217,24.323564396360993,376868000
2022-02-08,25.058101654052734,25.1798589396147,23.93234311537428,24.310589623943148,410359000
2022-02-09,26.651931762695312,26.67189247556043,25.302619172082064,25.571083716951982,524282000
2022-02-10,25.772680282592773,26.871492136649884,25.54912640450638,25.943341891805627,513200000
2022-02-11,23.90140151977539,26.100024146681793,23.72575262390276,25.864493128365556,605472000
2022-02-14,24.218778610229492,24.825570239623886,23.70779498322885,23.88644014046095,440424000
2022-02-15,26.442346572875977,26.49224644503513,24.734746450060985,24.89941755103267,699869000
2022-02-16,26.458309173583984,26.52916911213145,25.50121554773695,26.206811119026813,732676000
2022-02-17,24.45829200744629,25.733751844995112,24.116972680791868,25.579059224109187,810595000
2022-02-18,23.595016479492188,24.936345412834687,23.054093778189063,24.61897658197623,761255000
2022-02-22,23.34351348876953,24.016173750217902,22.954289194180653,22.98921948197412,633422000
2022-02-23,22.342510223388672,24.106998291616694,22.25668259013841,23.75469915667704,566511000
2022-02-24,23.700801849365234,23.752698549006187,20.8484821049316,20.973233676940158,735801000
2022-02-25,24.108989715576172,24.168869937955396,23.33453287499,23.673857307735503,528866000
2022-02-28,24.336538314819336,24.615982537692595,23.659886251331425,23.944319699810443,477319000
2022-03-01,23.43034553527832,24.328558568365416,23.086031808300486,24.242729026872464,412056000
2022-03-02,24.17598533630371,24.3646429560286,23.372449827907296,23.71282974706903,389642000
2022-03-03,23.670902252197266,24.28178949987807,23.426346683944526,24.217904733759312,365095000
2022-03-04,22.894319534301758,23.636966955127175,22.441144110309114,23.341505344158694,431415000
2022-03-07,21.313190460205078,22.991136779764602,21.29123108652079,22.775527867711148,450821000
2022-03-08,21.47490119934082,22.33233933851528,20.61247108080546,21.270273834836342,557467000
2022-03-09,22.972179412841797,23.177804449774207,22.20657299008878,22.34631797597657,492742000
2022-03-10,22.6168212890625,22.746584183582087,21.842230651130887,22.490051297255544,428066000
2022-03-11,22.059839248657227,23.102940302954398,22.00593652699091,22.980162727551132,367209000
2022-03-14,21.29123306274414,22.22153837881426,21.12054432408871,21.829252999002563,385354000
2022-03-15,22.93124771118164,22.996130111197097,21.28324922029345,21.47889215070773,491996000
2022-03-16,24.451486587524414,24.55230288455294,23.129893131130434,23.45729621187765,671422000
2022-03-17,24.72099494934082,24.796855148357576,23.86255716757979,24.07616897857947,471941000
2022-03-18,26.404930114746094,26.520720452738885,24.57925510917665,24.753936346817458,730719000
2022-03-21,26.68541717529297,27.10265874201125,25.919810799916604,26.45883040449885,591727000
2022-03-22,26.47579574584961,27.188498830843827,26.024617540690265,26.67842593251297,547007000
2022-03-23,25.587413787841797,26.563635115721986,25.52852099865223,26.078518306597157,502120000
2022-03-24,28.098846435546875,28.268537593719053,25.85992230529742,26.11845243644843,877379000
2022-03-25,27.641674041748047,28.306464068102645,27.221439608204165,27.835321724179195,579016000
2022-03-28,28.16771697998047,28.198660780217054,27.15655743522871,27.705559052925192,425494000
2022-03-29,28.603923797607422,28.89339579270697,27.929151693458024,28.64285248149159,488984000
2022-03-30,27.639680862426758,28.444215914701186,27.45302041414032,28.25256539037633,463487000
2022-03-31,27.236406326293945,28.196657761122697,27.220436564245936,27.73150512353981,523440000
2022-04-01,26.663454055786133,27.446029626371523,26.219263094224697,27.32524923988458,517235000
2022-04-04,27.310277938842773,27.507918058034864,26.56463575752181,26.679426533913535,397120000
2022-04-05,25.883880615234375,27.269358972058658,25.773082252071823,27.20447655027337,436615000
2022-04-06,24.36264419555664,25.254020976141952,23.959379064062016,24.88868689300515,703833000
2022-04-07,24.164003372192383,24.67706914237199,23.435330567050546,24.396579708521703,557992000
2022-04-08,23.076982498168945,23.879522143654725,23.020086883249657,23.873532530332007,524781000
2022-04-11,21.877166748046875,22.27943419352608,21.620633863364553,22.173627848560624,575207000
2022-04-12,21.464920043945312,22.68370176540481,21.243323367316314,22.496043695875855,662258000
2022-04-13,22.162647247314453,22.45910836108208,21.41600747437876,21.68851203835293,516943000
2022-04-14,21.219364166259766,22.73560447190071,21.124537508973223,22.46409755288005,569097000
2022-04-18,21.74341583251953,22.047859972637514,21.04069470290414,21.161475105293935,525701000
2022-04-19,22.157657623291016,22.332338819215018,21.275263415595177,21.680525694021107,512781000
2022-04-20,21.442962646484375,22.62880350480131,21.161475516175667,22.476081662618792,468974000
2022-04-21,20.146320343017578,22.351305380675164,19.963652360371036,21.66954608901935,656209000
2022-04-22,19.479534149169922,20.448770189585975,19.46456201839812,20.26610219786414,624713000
2022-04-25,19.865835189819336,19.90875632059273,19.061300069268512,19.167106444428228,641566000
2022-04-26,18.753849029541016,19.752031322649575,18.6360634884921,19.68215886675304,653143000
2022-04-27,18.381532669067383,19.132164853990513,18.256759849659264,18.564198736347848,499460000
2022-04-28,19.746051788330078,20.00058946914846,18.456399790239256,18.932532271184286,570327000
2022-04-29,18.513294219970703,20.091420341877647,18.48334805551463,19.36673991620479,500435000
2022-05-02,19.497501373291016,19.53842532093115,18.357576663441748,18.507303670385827,572049000
2022-05-03,19.566377639770508,19.788973871458698,19.09823006494358,19.364745058425033,475751000
2022-05-04,20.29704475402832,20.362924790823026,18.716921505243764,19.88679240340564,648855000
2022-05-05,18.809757232666016,19.888792254376693,18.466382474012576,19.83089899019697,626331000
2022-05-06,18.64105987548828,19.47653863115754,17.957305306226015,18.701949838466604,633297000
2022-05-09,16.919198989868164,18.22182592676912,16.796421410513055,18.001228764705814,644455000
2022-05-10,17.56302261352539,18.16492737651773,16.99405882150625,17.656851643260232,761474000
2022-05-11,16.599773406982422,17.720733401801667,16.537887724428106,17.315471187551733,670167000
2022-05-12,16.145601272583008,16.75748801691552,15.538707458895326,16.189521927319188,708728000
2022-05-13,17.673824310302734,17.895421017236522,16.562847872141287,16.757493216581477,670437000
2022-05-16,17.23262596130371,17.75567386028926,17.074914055272394,17.477181558942796,521446000
2022-05-17,18.143964767456055,18.33761243130052,17.60195235864929,18.041151322209387,585830000
2022-05-18,16.9072208404541,18.08507690816682,16.833355903559767,17.672827284467367,545161000
2022-05-19,17.092878341674805,17.654854836825514,16.703585856926992,16.906217932771696,621310000
2022-05-20,16.663663864135742,17.378362351094147,15.72637008787695,17.300504976295468,739105000
2022-05-23,16.86728858947754,16.88425788996982,16.149595509541346,16.244422161579827,639889000
2022-05-24,16.12464141845703,16.56683711237005,15.751321521154898,16.47999533080433,588550000
2022-05-25,16.94415283203125,17.079905368342203,15.97092425449637,15.990888366746299,781132000
2022-05-26,17.818561553955078,18.05912283951372,15.99288468334853,16.006859182062453,996575000
2022-05-27,18.77681541442871,18.846687898146087,18.06710707974636,18.152951232834447,738379000
2022-05-31,18.6380672454834,19.165107560608973,18.316651930915967,18.945506160051778,664100000
2022-06-01,18.286706924438477,19.018374652138892,18.089066793747712,18.68997397259425,544514000
2022-06-02,19.556392669677734,19.583344026505568,18.164927015741718,18.258756043613012,648656000
2022-06-03,18.68597984313965,19.296869084599603,18.488339710165604,19.047323404464223,598779000
2022-06-06,18.75185775756836,19.301856968127392,18.53026109692932,19.104216857601944,422406000
2022-06-07,18.8916072845459,18.965472213893936,18.154947548277914,18.438431844745782,388914000
2022-06-08,18.618043899536133,19.14918886431723,18.505224558437913,18.768800398425874,363252000
2022-06-09,18.019010543823242,18.902589231705353,18.01202181811601,18.451315596651252,395574000
2022-06-10,16.94673728942871,17.668575580223607,16.841904493178646,17.571731259755435,465248000
2022-06-13,15.621866226196289,16.28579798543527,15.580931719685918,15.974298882999761,604153000
2022-06-14,15.810562133789062,16.040192214090787,15.387242491326816,15.705730306415653,469680000
2022-06-15,16.50045394897461,16.840905821966867,15.90041852007138,16.069146736449664,563936000
2022-06-16,15.575940132141113,15.916392943958204,15.376261580184906,15.834523928335084,545749000
2022-06-17,15.854491233825684,15.969306274754233,15.303377894797796,15.622863557257194,630334000
2022-06-21,16.539392471313477,16.980681988476544,16.380647453384604,16.4485390272336,483089000
2022-06-22,16.333723068237305,16.63523803952557,16.15401188075244,16.199937522982893,437135000
2022-06-23,16.19894027709961,16.558360761085417,15.827537079076826,16.492466783521426,463680000
2022-06-24,17.098487854003906,17.112465303147033,16.28379871027583,16.473494023135874,472153000
2022-06-27,16.841903686523438,17.302163648044232,16.599293974290056,17.28419291089453,427968000
2022-06-28,15.956327438354492,17.17436698853459,15.91938621875453,16.872852064808622,461149000
2022-06-29,15.517033576965332,15.794586883557068,15.145631406490011,15.788596955968533,482352000
2022-06-30,15.134652137756348,15.54199680396989,14.838129245213274,15.336327351900701,686070000
2022-07-01,14.49967098236084,15.038803524181898,14.368881846227062,14.875067404670956,577610000
2022-07-05,14.939963340759277,14.946952066314836,14.032424007393097,14.152231139263709,651397000
2022-07-06,15.105696678161621,15.294393215490263,14.765243873049544,14.985889549347426,529066000
2022-07-07,15.832526206970215,15.91938634734984,15.36427972508815,15.431172487703748,492903000
2022-07-08,15.812560081481934,16.01124079035871,15.364280941862427,15.405215450126937,467972000
2022-07-11,15.127660751342773,15.502058363657559,15.013843557279245,15.501059566316355,437321000
2022-07-12,15.057774543762207,15.40621394491729,14.853103898095975,15.243475654572288,458483000
2022-07-13,15.139642715454102,15.350304243121299,14.4417660630257,14.56656528451449,521918000
2022-07-14,15.347308158874512,15.448145758029392,14.70434254342208,15.083732275086524,456235000
2022-07-15,15.73668098449707,15.75664836262336,15.420189805163654,15.633846749612045,385935000
2022-07-18,16.075136184692383,16.8698570674019,15.976296187145689,16.275813524039364,670517000
2022-07-19,16.964704513549805,17.082514988008967,16.146022071859953,16.45951683745517,702366000
2022-07-20,17.77839469909668,17.904193653189743,16.774012086751018,16.919777466324557,760538000
2022-07-21,18.021005630493164,18.11485450174296,17.516817646879083,17.856271659241287,557049000
2022-07-22,17.291183471679688,17.938141503435737,17.109474677408237,17.86426095207546,536671000
2022-07-25,16.996654510498047,17.096494261320483,16.622256873127547,16.991661475600253,480748000
2022-07-26,16.506444931030273,16.89182460135965,16.451532969702946,16.86187210310339,397865000
2022-07-27,17.761423110961914,17.907188485590435,16.885831113737122,17.004639434525583,569776000
2022-07-28,17.95511245727539,18.11086201941648,17.41198753684129,17.946128040860202,474646000
2022-07-29,18.133827209472656,18.214696484956857,17.663583046050046,17.784388988721815,435460000
2022-08-01,18.411378860473633,18.815729008879483,17.96110307249906,18.15279410603998,476469000
2022-08-02,18.496244430541992,18.907583371714097,18.06294146344721,18.092893965938778,489527000
2022-08-03,18.86264991760254,18.93753019924968,18.107863838709722,18.154789221455992,418146000
2022-08-04,19.184139251708984,19.243044507997787,18.729870096019265,18.818727855336114,409652000
2022-08-05,18.958498001098633,19.198112256942917,18.636016886602366,18.779784678395007,386068000
2022-08-08,17.764419555664062,18.209704226677722,17.214305900483794,17.47388850828178,981859000
2022-08-09,17.058555603027344,17.41897579817991,16.69713756258524,17.224289326765735,668263000
2022-08-10,18.067928314208984,18.088894487490233,17.289180654581262,17.66956911758063,597422000
2022-08-11,17.913179397583008,18.676951881347318,17.847285427896846,18.101876890579906,509327000
2022-08-12,18.678943634033203,18.68792995248519,17.92415762973826,18.13082581557374,478094000
2022-08-15,19.001428604125977,19.13321654286925,18.583102920928454,18.67096091199568,457666000
2022-08-16,18.84867286682129,19.11125087643797,18.47127981939262,18.889607370873275,451240000
2022-08-17,18.305545806884766,18.65797938877472,18.115852393296763,18.49324543441833,446799000
2022-08-18,18.74285125732422,18.834702560697266,18.15379864563154,18.271609167970077,415447000
2022-08-19,17.82033348083496,18.490255309098075,17.741459891222686,18.3764380856611,441588000
2022-08-22,17.00663948059082,17.529797971537494,16.93874791361986,17.461906404566534,409593000
2022-08-23,17.15340232849121,17.436946542201706,16.94274081093071,16.961711297149357,369986000
2022-08-24,17.194337844848633,17.378042316071028,16.867863413110875,16.984674160286165,522661000
2022-08-25,17.884227752685547,17.91817353704041,16.80596255460198,16.816944566179142,770691000
2022-08-26,16.233882904052734,17.895209693014834,16.210919131366463,17.82831787419481,769127000
2022-08-29,15.775617599487305,16.31175468886111,15.741672771666877,15.994266622399852,496132000
2022-08-30,15.443154335021973,16.013236290955273,15.157613482274343,15.934363667656111,530181000
2022-08-31,15.069755554199219,15.51503927839252,14.934972165599781,15.359289711852172,573710000
2022-09-01,13.914612770080566,14.356901003294752,13.248684378970617,14.186175206862451,1178865000
2022-09-02,13.625080108642578,14.148237660215658,13.569169349058186,14.07735255557611,743157000
2022-09-06,13.44336986541748,13.75686558272209,13.329552676036796,13.708942355163417,535751000
2022-09-07,13.696040153503418,13.819878314045399,13.328522048866603,13.545237877389667,512657000
2022-09-08,13.971677780151367,13.989654808399921,13.351491735146373,13.44137306668779,624873000
2022-09-09,14.368158340454102,14.455044295388618,14.107500475650557,14.138459061636421,486612000
2022-09-12,14.486003875732422,14.527948688246315,14.179405773307693,14.350182305946856,484159000
2022-09-13,13.113802909851074,13.903767364016517,13.081845229225642,13.783924633033108,714956000
2022-09-14,13.11080551147461,13.27259303050405,12.896086961061801,13.236639931022435,588507000
2022-09-15,12.912068367004395,13.21567015624059,12.77325045930142,12.997956185221906,523625000
2022-09-16,13.18071460723877,13.194696210561576,12.600475212066435,12.725311500263086,670751000
2022-09-19,13.364473342895508,13.445367583490736,12.992960816504965,12.99495805230326,569685000
2022-09-20,13.158745765686035,13.465343911425606,13.039902113440293,13.197695205969652,524818000
2022-09-21,13.243632316589355,14.012624337752102,13.092830051959995,13.195695797303914,807679000
2022-09-22,12.544548034667969,13.131778195732636,12.411722811191895,13.052881193995141,759162000
2022-09-23,12.499608993530273,12.594484849369591,12.240948352013458,12.403734995875771,663309000
2022-09-26,12.211986541748047,12.642422835414386,12.198004936367159,12.47464261841831,547343000
2022-09-27,12.396743774414062,12.719320720938102,12.241947032432883,12.490620532839431,553854000
2022-09-28,12.719319343566895,12.80620529041185,12.337819690787777,12.393746102104021,542414000
2022-09-29,12.203997611999512,12.48363067238174,11.930356260034026,12.43169872306821,532763000
2022-09-30,12.123102188110352,12.616455658995795,12.05918587570381,12.07117024380662,565638000
2022-10-03,12.495614051818848,12.661397019747188,12.089146528346182,12.330830178093539,547478000
2022-10-04,13.149757385253906,13.202688430311015,12.862134419949426,12.862134419949426,584182000
2022-10-05,13.191702842712402,13.303556646836327,12.604473466444704,12.894093681996612,507131000
2022-10-06,13.112804412841797,13.638115559922221,13.085839346698974,13.202686696750762,644157000
2022-10-07,12.060184478759766,12.653406389776919,12.006255300705963,12.488622525605487,672478000
2022-10-10,11.654715538024902,12.108120441007816,11.393058603226073,12.021234494107956,698699000
2022-10-11,11.570825576782227,11.83048431565809,11.268221984145713,11.54585774929641,667482000
2022-10-12,11.484941482543945,11.719633422140127,11.330144711849679,11.563838509479272,492590000
2022-10-13,11.944336891174316,12.062182385586972,10.798838721715281,10.956631792924158,850103000
2022-10-14,11.212296485900879,12.095138555665246,11.18932684468692,12.041209377307327,713432000
2022-10-17,11.872430801391602,11.932352643403792,11.501917332402892,11.502915474188297,580774000
2022-10-18,11.95132827758789,12.475640367724393,11.602785343462813,12.327834421594872,659362000
2022-10-19,12.035218238830566,12.333827422065536,11.818502403849406,11.863443550233667,523131000
2022-10-20,12.178030967712402,12.752277756580911,12.089146821227374,12.09713671776913,652398000
2022-10-21,12.449673652648926,12.481632285200682,11.871432413251382,12.0821555690685,609494000
2022-10-24,12.582500457763672,12.69335515427323,12.048201240588062,12.491620026626292,517457000
2022-10-25,13.243632316589355,13.28258175046069,12.647414059994293,12.677375456026189,505482000
2022-10-26,12.879110336303711,13.370465602720852,12.691356829552692,12.852146223274735,532953000
2022-10-27,13.158745765686035,13.819879536767937,13.104816577345671,13.61215172838995,583113000
2022-10-28,13.815881729125977,13.83186152118797,13.043894336346346,13.086838241715473,521040000
2022-10-31,13.47932243347168,13.819876374747915,13.279584568203138,13.75995453895472,486341000
2022-11-01,13.525262832641602,13.906762493344775,13.501294098029572,13.792911480150275,432817000
2022-11-02,13.201688766479492,14.191391166061656,13.193699822047904,13.83186295115386,672628000
2022-11-03,13.403423309326172,13.762952460821824,12.93903307601992,13.025919033651268,500065000
2022-11-04,14.137459754943848,14.21036409974022,13.679060329272222,13.967682330980322,612576000
2022-11-07,14.282271385192871,14.393126083132001,13.93572663883021,14.209367030009965,410061000
2022-11-08,14.582876205444336,14.871497264348415,14.197381111718515,14.781614983674388,595292000
2022-11-09,13.757957458496094,14.192388153732095,13.740979525460897,14.143451590437952,454414000
2022-11-10,15.729374885559082,15.752344530142832,14.527950182868413,14.780619130566006,700819000
2022-11-11,16.305618286132812,16.367537366980358,15.461725560041561,15.786299758724766,655487000
2022-11-14,16.27366065979004,16.51834065367654,15.901148984019148,16.1967618318074,527852000
2022-11-15,16.64417266845703,16.975736669946382,16.360544231088024,16.70009908063956,545876000
2022-11-16,15.88916301727295,16.34057071172928,15.852211772174623,16.140833788396282,649547000
2022-11-17,15.656468391418457,16.244697698362444,15.514654166070915,15.694418730732606,710894000
2022-11-18,15.388819694519043,15.981043471785322,15.10019767858643,15.945089416031916,492072000
2022-11-21,15.296939849853516,15.456730146887825,15.060249781863105,15.127162421148238,404739000
2022-11-22,16.01699447631836,16.036968738657247,15.102193833582675,15.307924354517073,472866000
2022-11-23,16.49736213684082,16.50535298403366,16.026980297757902,16.076914044674023,427241000
2022-11-25,16.248693466186523,16.46540834086165,16.15082223246227,16.29663094123332,167934000
2022-11-28,15.80627155303955,16.335578114870664,15.704405855375358,16.00501033484104,303741000
2022-11-29,15.61851978302002,15.911136303892222,15.49967613837757,15.806273312076401,298384000
2022-11-30,16.905162811279297,16.91215540251176,15.58056025532418,15.680454279692341,565298000
2022-12-01,17.1169376373291,17.24679976152075,16.617464704481463,16.98108131969133,470977000
2022-12-02,16.85820770263672,16.915148722341915,16.42766233403227,16.64143742283547,371389000
2022-12-05,16.592491149902344,16.977085530136808,16.454636135070988,16.66141865731802,352255000
2022-12-06,15.970148086547852,16.55552985566231,15.802324959390125,16.512575914907618,352694000
2022-12-07,16.103010177612305,16.16894059762961,15.650486623430005,15.7553764476407,372388000
2022-12-08,17.150903701782227,17.160893389958503,15.94217810718751,16.255848218840367,515456000
2022-12-09,16.98307991027832,17.564467197257134,16.957108244828135,17.141912716034206,465338000
2022-12-12,17.51651382446289,17.519510920881718,16.77929288691793,17.019039641707874,457328000
2022-12-13,18.052953720092773,18.7701974035508,17.692334131047183,18.511469596335157,656589000
2022-12-14,17.655366897583008,18.23275855990704,17.401634967765297,17.968036641644655,496888000
2022-12-15,16.934123992919922,17.30173597201312,16.682390821238897,17.127919666232213,478542000
2022-12-16,16.55353355407715,17.023039400348072,16.39270394689365,16.846225910038616,478232000
2022-12-19,16.236865997314453,16.591491326415667,16.127981643599433,16.554531578863497,354039000
2022-12-20,16.068044662475586,16.292807881891594,15.835291407365762,16.047066889019305,403260000
2022-12-21,16.483606338500977,16.60947488301715,16.085026742432447,16.097015130166447,325025000
2022-12-22,15.322830200195312,16.120988676666293,14.866312166020125,16.077034434147475,565045000
2022-12-23,15.189971923828125,15.322831151410716,14.867312438743172,15.17998223602925,349326000
2022-12-27,14.106114387512207,15.084082448789612,14.04118237491811,15.05810983428577,464902000
2022-12-28,14.021204948425293,14.246966554872388,13.86936474434743,13.912319639203043,351066000
2022-12-29,14.587608337402344,14.667523942349547,14.21200518468432,14.386820927757261,354923000
2022-12-30,14.59859561920166,14.613579197907772,14.217996715226494,14.318890082879692,310490000
2023-01-03,14.299909591674805,14.980192432307444,14.081140585137454,14.835344825073602,401277000
2023-01-04,14.733452796936035,14.837343262850888,14.225988854764774,14.551645434254098,431324000
2023-01-05,14.249963760375977,14.548648374304229,14.133086509590795,14.475725368544696,389168000
2023-01-06,14.843335151672363,14.99417598326044,14.019205095866276,14.45874080807322,405044000
2023-01-09,15.611525535583496,16.03907384357529,15.125038456294371,15.267888310654865,504231000
2023-01-10,15.892231941223145,15.945175574984253,15.455692274992794,15.490655231753736,384101000
2023-01-11,15.984130859375,16.01110282220087,15.546592882587277,15.823301290137104,353285000
2023-01-12,16.493595123291016,16.619461755576417,15.47566921706697,16.083029067309738,551409000
2023-01-13,16.88118553161621,16.904162001817628,16.147960048723682,16.260839889557317,447287000
2023-01-17,17.68334197998047,17.709315551841687,16.881188834859515,16.881188834859515,511102000
2023-01-18,17.358686447143555,17.854162075882435,17.263785352274855,17.648379813010923,439624000
2023-01-19,16.747323989868164,17.178869643415503,16.713361345219184,17.018038182127146,452932000
2023-01-20,17.8201961517334,17.837178429750637,16.80726509622476,16.993067946601407,564967000
2023-01-23,19.17276954650879,19.2247147792948,17.799218927189443,18.044958004082773,655163000
2023-01-24,19.244693756103516,19.474452780290186,18.80016309844602,18.807155689842816,496204000
2023-01-25,19.302629470825195,19.349580807071824,18.560412717739826,18.893061849004603,449537000
2023-01-26,19.781124114990234,20.14474069411191,19.257676365647274,19.680230760238217,489535000
2023-01-27,20.343530654907227,20.606253883767415,19.384543617188243,19.441482734234384,542142000
2023-01-30,19.141801834106445,20.118769651142287,19.12981344690093,19.92897130354372,488611000
2023-01-31,19.516407012939453,19.66624851924581,18.930025867048208,19.14979328260832,498017000
2023-02-01,20.920923233032227,21.169659387182808,19.590326660737446,19.670242250628736,660477000
2023-02-02,21.686113357543945,21.925860113730366,20.6781782034606,20.977861172359162,564276000
2023-02-03,21.0777530670166,21.72207345237521,20.76708015455863,20.97785812345644,429366000
2023-02-06,21.0667724609375,21.547264471015012,20.764090426847382,20.784069803716758,452197000
2023-02-07,22.149629592895508,22.235539389380826,21.12770713696369,21.359462955356012,664150000
2023-02-08,22.181591033935547,22.853881881192613,21.98479821168747,22.363398373809797,559651000
2023-02-09,22.313453674316406,22.995734263923605,22.0966833667124,22.582171117953777,523876000
2023-02-10,21.242584228515625,22.054726981350132,20.789064216864638,21.6671373847091,550737000
2023-02-13,21.765031814575195,22.024757958584203,20.93990234696834,21.515295357490146,474919000
2023-02-14,22.946786880493164,23.02470377641566,21.343477267064582,21.555253690620347,675474000
2023-02-15,22.740001678466797,22.830905348150583,22.082696315415404,22.525228183306545,420575000
2023-02-16,21.978809356689453,22.5262301612366,21.90388764913277,22.109669887606003,412026000
2023-02-17,21.365455627441406,21.717083871627388,20.952890859592024,21.608199514245356,465888000
2023-02-21,20.633228302001953,21.471342710023446,20.59626664817325,20.97786395244178,410015000
2023-02-22,20.732120513916016,21.08175191942392,20.399471384893207,20.6851710833237,513184000
2023-02-23,23.639055252075195,23.862820062689913,23.0007288852004,23.415292346798566,1117995000
2023-02-24,23.261451721191406,23.44925516678763,22.922810291543012,23.200517108251855,589716000
2023-02-27,23.476226806640625,23.854827009250346,23.429277371082858,23.645049286961875,452994000
2023-02-28,23.191526412963867,23.79988559289662,23.1815367258424,23.347362102450354,455963000
2023-03-01,22.674072265625,23.23148459935281,22.484272025585433,23.167550984389926,460026000
2023-03-02,23.2894229888916,23.355353400499368,22.40835276964801,22.464295399339527,389415000
2023-03-03,23.864816665649414,23.874806353174602,23.105617561777713,23.295417814080157,412393000
2023-03-06,23.529170989990234,24.222437736222577,23.462240277861365,23.865815628810815,437429000
2023-03-07,23.26740264892578,24.10366224367853,23.220443334628193,23.579126969767078,515154000
2023-03-08,24.159608840942383,24.178593039415297,23.40327852623449,23.466222520970515,513573000
2023-03-09,23.415271759033203,24.432370990770355,23.36231723479036,24.153616530475606,501257000
2023-03-10,22.944684982299805,23.606100023101337,22.705896084995054,23.388292457422022,474866000
2023-03-13,22.9456844329834,23.277391485551078,22.27727749488012,22.731874936608868,421890000
2023-03-14,24.041715621948242,24.197577774691457,23.439248344671885,23.475217706481274,474910000
2023-03-15,24.206571578979492,24.264518937841256,23.33933927282555,23.739983668370748,524486000
2023-03-16,25.518409729003906,25.565367136764166,23.872865210794142,24.00574890060099,583253000
2023-03-17,25.70224380493164,26.375647364778064,25.645293114759838,25.959016429831397,848547000
2023-03-20,25.877092361450195,26.000983238469185,25.107772930663263,25.59234458217973,432747000
2023-03-21,26.17582893371582,26.36865903671038,25.358553488198883,26.156846636843376,547408000
2023-03-22,26.444589614868164,27.564598386349715,26.21379303359335,26.401626474238157,797295000
2023-03-23,27.16695213317871,27.474680300568725,26.666395768826245,27.091019134511235,564889000
2023-03-24,26.75531578063965,27.14297311837725,26.331690982855743,27.007093717949058,454920000
2023-03-27,26.507537841796875,26.97612295141189,26.34168427554185,26.813266991321488,361026000
2023-03-28,26.386640548706055,26.489550086858387,25.827136394951317,26.42360847823861,356104000
2023-03-29,26.960132598876953,27.054049321086534,26.57347575940691,26.801274739572264,393694000
2023-03-30,27.35877799987793,27.474676521126977,27.078026419046342,27.204914890179356,364516000
2023-03-31,27.75243377685547,27.809382571922825,27.081027225666862,27.115996118368173,433933000
2023-04-03,27.940265655517578,27.97523454624746,27.311822283407086,27.48466960367856,398716000
2023-04-04,27.42871856689453,27.975235662091706,27.28284778669967,27.941265336695817,368592000
2023-04-05,26.857227325439453,26.97412252588098,26.371657076286322,26.8052732678004,515015000
2023-04-06,27.013086318969727,27.056047553520614,26.403625256641565,26.560485977879456,397654000
2023-04-10,27.554611206054688,27.596573880749386,26.645416109679182,26.7992792502264,395279000
2023-04-11,27.144969940185547,27.765420962103274,27.102006799330113,27.699479353630412,314378000
2023-04-12,26.47156524658203,27.44370417314176,26.42460593521108,27.345791283837347,446259000
2023-04-13,26.439592361450195,26.863217112653786,26.305712014928602,26.71035256577281,353615000
2023-04-14,26.734333038330078,26.859222480822282,26.196808771126577,26.48055798084649,395660000
2023-04-17,26.97811508178711,26.98211125376257,26.40961817014211,26.541501373639374,321471000
2023-04-18,27.642532348632812,28.085141371824708,27.332807032476975,27.508651980444906,604812000
2023-04-19,27.906293869018555,27.97523308017652,27.207912752047683,27.336798357649375,358660000
2023-04-20,27.080028533935547,28.005210147455717,26.976120423056454,27.646526498743864,427713000
2023-04-21,27.095014572143555,27.158959050915872,26.6983663319222,26.928162455219432,345103000
2023-04-24,27.018083572387695,27.341796428628392,26.64741139924113,26.989109891102213,339282000
2023-04-25,26.21778678894043,27.222897413291882,26.201802100966088,27.054046283348306,378527000
2023-04-26,26.93215560913086,27.305825338536614,26.6813781784844,26.978116353168147,406337000
2023-04-27,27.201921463012695,27.470684568616697,26.601453148375764,27.338801338428016,377161000
2023-04-28,27.724458694458008,27.73344960649909,27.047056930698307,27.20092196442208,292216000
2023-05-01,28.884429931640625,29.03229974718171,27.755430216862095,27.81537661530885,570329000
2023-05-02,28.185047149658203,28.81049480525915,28.05816057967745,28.65463265110566,402730000
2023-05-03,27.777408599853516,28.341909379215185,27.44770056792737,27.815375094782077,383387000
2023-05-04,27.537620544433594,27.834356814204146,27.21590486366876,27.626540615871196,321850000
2023-05-05,28.654632568359375,28.72956508673925,27.7064725625765,27.801387848122303,361494000
2023-05-08,29.125215530395508,29.194154745050692,28.32492531170623,28.49677215933893,344979000
2023-05-09,28.54572868347168,28.94737354959499,28.42483732148799,28.873439595641816,314869000
2023-05-10,28.85944938659668,29.087248344641875,28.43582465826317,28.979342170869927,369350000
2023-05-11,28.552722930908203,28.92439555714759,28.221017746526314,28.870442464415532,322149000
2023-05-12,28.3149356842041,28.754547072904792,28.02119507868358,28.503767705541893,274222000
2023-05-15,28.92738914489746,28.943375739340738,28.12709896933045,28.48278306832434,293926000
2023-05-16,29.187158584594727,29.8435789202714,28.806496990692356,28.81548790146732,449405000
2023-05-17,30.151308059692383,30.17228939441913,29.403970448812785,29.557833570142268,432535000
2023-05-18,31.649980545043945,31.799847490043984,30.293181883981152,30.383102432113493,748725000
2023-05-19,31.236347198486328,31.552067683944458,30.888655428377344,31.508105976511025,473908000
2023-05-22,31.14842414855957,31.492119729294387,30.652862591168056,30.87366587276824,372000000
2023-05-23,30.660856246948242,31.260325929202107,30.603907456096916,30.972580557946717,356253000
2023-05-24,30.510988235473633,30.579927446615685,29.779635363047586,30.1832773408898,721419000
2023-05-25,37.94640350341797,39.44507664562874,36.60259203294565,38.48892244912427,1543911000
2023-05-26,38.91156005859375,39.135361004641894,37.51679460203459,37.85649409999652,714397000
2023-05-30,40.07551956176758,41.900903139211444,39.913664110250345,40.55909259441889,923401000
2023-05-31,37.800537109375,40.259358998541856,37.78854668617227,39.45307354763965,1002580000
2023-06-01,39.73482894897461,40.01458010495206,38.30609329724924,38.45495978773049,635873000
2023-06-02,39.29220962524414,40.46417228382388,39.023446585861166,40.061528913678025,482731000
2023-06-05,39.136356353759766,39.53000507242546,38.6727660406919,38.87458704490847,396094000
2023-06-06,38.61981964111328,39.125372730411726,38.114266551814836,38.79566651384917,388729000
2023-06-07,37.44572067260742,39.468141471393565,37.32681416120832,38.88459809447063,511998000
2023-06-08,38.479923248291016,38.83364687712899,37.47571086548645,37.694537790431326,417772000
2023-06-09,38.739715576171875,39.67997860030122,38.53687503234718,39.00650530356787,427717000
2023-06-12,39.451168060302734,39.49913091388257,38.58784431930273,39.16939058370451,388701000
2023-06-13,40.989959716796875,41.06890039349555,39.70896332197463,40.154614126267326,613208000
2023-06-14,42.96342086791992,42.96641687824926,40.52032691306219,40.7921176516414,740465000
2023-06-15,42.61968994140625,43.255194841743766,42.11408458461737,42.5687310811785,568622000
2023-06-16,42.658653259277344,43.6868488037051,42.62767543128522,43.416060581927226,655709000
2023-06-20,43.77377700805664,43.9556378533534,42.6406639871136,42.964412198119035,451153000
2023-06-21,43.01137924194336,43.58093756834967,42.04713658375585,43.46702437838124,551603000
2023-06-22,42.991390228271484,43.39207412960286,42.20100779460612,42.21999014630877,417737000
2023-06-23,42.176029205322266,42.77555900672088,41.98218049927132,42.43083108618956,358140000
2023-06-26,40.60026168823242,42.73059631968799,40.06867574743641,42.42783159494467,594322000
2023-06-27,41.843284606933594,41.90723378479605,40.41640261431228,40.76712632853293,462175000
2023-06-28,41.08488464355469,41.812316652912195,40.486353490200045,40.628240868259915,582639000
2023-06-29,40.79011154174805,41.56750370507978,40.56828482936424,41.52553669526217,380514000
2023-06-30,42.26896286010742,42.51677028502085,41.468589703443335,41.64745076919485,501148000
2023-07-03,42.3798713684082,42.86449316721701,42.169037634447896,42.48379023030001,198209000
2023-07-05,42.28395080566406,43.143275924330226,42.05212974638505,42.102089932908285,323618000
2023-07-06,42.07011413574219,42.14605498586675,41.31370545626282,41.81131756799603,303582000
2023-07-07,42.46980285644531,43.18024990252509,42.14705707601412,42.28894446417988,355881000
2023-07-10,42.147056579589844,42.77756426984942,41.616469261927726,42.623685218893456,353908000
2023-07-11,42.37187194824219,42.72459682462769,42.03413855568288,42.447812790415895,298244000
2023-07-12,43.86770248413086,43.90067764855856,42.74358137770357,42.99938189898188,481277000
2023-07-13,45.94109344482422,46.11895201895111,44.45725261049975,44.48323328046501,478204000
2023-07-14,45.43349075317383,48.050444811535804,45.02480978329466,46.546619140200846,772075000
2023-07-17,46.424705505371094,46.45967801263674,45.22664460524396,46.252842790646994,510488000
2023-07-18,47.4568977355957,47.85858412490547,45.69827430374762,46.66451794958182,569164000
2023-07-19,47.04022979736328,47.78065216165784,46.70549236660369,47.42692856470666,427502000
2023-07-20,45.48444366455078,47.05022098399054,45.02680123666584,46.470672206647684,537865000
2023-07-21,44.27438735961914,45.83017417101583,44.06555098011311,45.7522321711593,963769000
2023-07-24,44.577152252197266,45.07376568294936,44.005600454709025,44.6960587806985,382516000
2023-07-25,45.6433219909668,46.14692613209552,44.88791196755602,44.90589946333249,348081000
2023-07-26,45.4164924621582,46.01702469777884,44.59513601307883,45.9850482020561,364237000
2023-07-27,45.86415100097656,47.357982253239214,45.71426663486367,46.4826670082,455976000
2023-07-28,46.71348190307617,46.99026595538216,46.34477066056632,46.63154522435899,331194000
2023-07-31,46.69249725341797,47.093184983951005,46.4696718790696,46.71747924909827,251055000
2023-08-01,46.47066879272461,46.86336333707945,45.99104422518508,46.42370462471362,237858000
2023-08-02,44.23442459106445,45.80419670368741,43.353113509905164,45.79520486142881,530142000
2023-08-03,44.480228424072266,45.082758057083076,43.765786762914985,43.765786762914985,324176000
2023-08-04,44.64509963989258,45.60634618505477,44.35832507301121,44.94986170170467,362666000
2023-08-07,45.38153076171875,45.50443580088547,44.52819761374418,45.07576998074253,322154000
2023-08-08,44.62911605834961,45.2066637195198,44.0215892371064,44.81796761407976,353843000
2023-08-09,42.52076721191406,44.27739367717081,42.10109323963413,44.239421341662016,586449000
2023-08-10,42.35490036010742,43.53997505454453,41.80233078646622,42.127077761381095,492705000
2023-08-11,40.82308578491211,41.9851793236234,40.607254909066846,41.718385785784754,533085000
2023-08-14,43.71882247924805,43.765786651430616,40.27951352736408,40.45437607089752,690286000
2023-08-15,43.90568542480469,45.232651303193144,43.67586549160289,44.52520400479387,676512000
2023-08-16,43.452030181884766,44.640100549597996,43.372090845714155,44.48522285041412,527451000
2023-08-17,43.310150146484375,44.02758789498413,42.96741571162868,43.93566069220137,452395000
2023-08-18,43.26517868041992,43.543960081000186,41.62745897404412,42.601695871064955,583768000
2023-08-21,46.93031692504883,47.02823995825299,44.1874618900852,44.4592488124891,692573000
2023-08-22,45.632328033447266,48.14936145105243,45.29759061646536,48.09740011660735,755293000
2023-08-23,47.07920837402344,47.163142412730515,45.172697380646554,45.83018449557039,779046000
2023-08-24,47.126163482666016,50.22674065271713,47.122168802250776,50.176780465500904,1156044000
2023-08-25,45.9820556640625,47.767658540303835,44.98882881073535,46.975278705672146,925341000
2023-08-28,46.79841613769531,46.94330333520207,44.852938347469795,46.44569122659898,685192000
2023-08-29,48.74589157104492,49.04266044648469,46.35475936686293,46.62954606851407,701397000
2023-08-30,49.225521087646484,49.88800143615993,48.387175707748206,49.005691704274305,735206000
2023-08-31,49.31645202636719,49.70514814643913,48.9197627338808,49.34143402541549,528570000
2023-09-01,48.47111511230469,49.76110725432437,48.104401146535636,49.72313873006912,463830000
2023-09-05,48.51008224487305,48.81284699146263,47.82261987711322,48.18533532160486,382653000
2023-09-06,47.028114318847656,48.515073458793,46.547451450862816,48.40715103407181,468670000
2023-09-07,46.20868682861328,46.31161549020898,45.120447146044796,45.49318758272593,433330000
2023-09-08,45.54015350341797,46.57343135473317,45.239365149462806,45.909897697113266,473069000
2023-09-11,45.146427154541016,46.130735550235435,44.28103126100682,46.115746643442655,473966000
2023-09-12,44.83864212036133,45.64108235714804,44.49987832466093,44.706734397330045,349256000
2023-09-13,45.45322036743164,45.897909142211645,44.471904231366715,44.568836579722586,398355000
2023-09-14,45.54915237426758,45.95486692026357,45.099466041293624,45.917894023696675,370097000
2023-09-15,43.86932373046875,45.567133950218214,43.77738515441512,45.309314822834715,506831000
2023-09-18,43.93526840209961,44.211076460461435,41.97064298637889,42.71812124981073,500271000
2023-09-19,43.48958969116211,43.93527718281478,42.971950102234956,43.80237069955783,373064000
2023-09-20,42.20948791503906,43.872326816521394,42.193500252380844,43.56953710623469,367108000
2023-09-21,40.988338470458984,42.07058192849427,40.95136557382746,41.55394487986268,450736000
2023-09-22,41.58092498779297,42.08557317870962,41.202188203522006,41.54294952811981,479236000
2023-09-25,42.19249725341797,42.50627702068914,41.14822547100166,41.561937649909076,419091000
2023-09-26,41.881717681884766,42.79008299471649,41.62589602088143,41.97165495479975,402282000
2023-09-27,42.43832015991211,42.84204096958368,41.59990959746065,42.3004199239516,444935000
2023-09-28,43.05888748168945,43.41563643301945,42.085569148140415,42.430325448929366,424663000
2023-09-29,43.468605041503906,44.113154796580034,43.276737862234015,43.79637496273023,397830000
2023-10-02,44.75070571899414,45.14342881532186,43.83034792394179,43.9992285379224,433298000
2023-10-03,43.48658752441406,45.098463094837925,43.2157769974795,44.77668570728605,470850000
2023-10-04,44.010231018066406,44.112160944881325,43.26175375973955,43.71144012859111,361821000
2023-10-05,44.656776428222656,44.86863010408986,43.85733614690028,44.019221707908876,393483000
2023-10-06,45.73002624511719,45.757007806644154,43.99523916079719,44.16212229169967,434436000
2023-10-09,45.24135971069336,45.57312842393476,44.3369933910708,44.81066115962172,409675000
2023-10-10,45.765995025634766,46.22667139823051,45.05649211437215,45.27833709467453,368582000
2023-10-11,46.77329635620117,46.82626072787499,46.01782405573412,46.16372195389678,378137000
2023-10-12,46.91219711303711,47.57573461020595,46.297628975923374,46.744315234099965,481325000
2023-10-13,45.429229736328125,47.08307579073531,45.24835646569822,46.92718276252737,474115000
2023-10-16,46.06278991699219,46.192696327999904,44.880614130194836,45.0315095868921,375099000
2023-10-17,43.90730285644531,44.722734656513275,42.450321291409665,43.96925981519668,812333000
2023-10-18,42.166507720947266,43.18879535339014,41.79576863478219,42.56123210689282,627294000
2023-10-19,42.07158279418945,43.26674621056965,41.85273405618411,42.78108575212414,501233000
2023-10-20,41.35808181762695,42.4403252529677,41.049295810508625,41.860728698935155,477266000
2023-10-23,42.944969177246094,43.217781037891605,40.91638888400306,41.20019083203981,478530000
2023-10-24,43.63249206542969,43.666468707017636,42.661174865100485,43.046902951307125,401463000
2023-10-25,41.74980163574219,43.619496263453854,41.52595915637694,43.367669662136635,398379000
2023-10-26,40.297821044921875,42.22647269652664,39.852133556535904,41.8237544285133,541001000
2023-10-27,40.47169876098633,41.177206691835266,39.987037067133414,41.1012595868594,416784000
2023-10-30,41.13223648071289,41.73681325645553,40.45271135167305,41.05829069172662,388028000
2023-10-31,40.751502990722656,40.85043664876845,39.20258684468398,40.42173556666503,517969000
2023-11-01,42.29542922973633,42.35138985981638,40.840445223590976,40.8554341335007,437593000
2023-11-02,43.47560119628906,43.85333542629518,42.864029312260996,43.297724168934685,409172000
2023-11-03,44.97354507446289,45.277329637227986,43.69243962687277,43.989232924775955,424610000
2023-11-06,45.71902847290039,45.90290181424292,44.867622664486824,45.25335451197863,400733000
2023-11-07,45.92289352416992,46.18570644456995,45.12644949582393,45.68705835405159,343165000
2023-11-08,46.54145431518555,46.834248828049994,45.93587499644732,46.06778272127609,346719000
2023-11-09,46.91719436645508,48.19629874432979,46.71733335440422,47.43383140399592,540496000
2023-11-10,48.30122375488281,48.43812905946533,47.24996072733801,47.466808147596865,421245000
2023-11-13,48.58602523803711,49.08168084897678,48.065389383307924,48.28623562834099,384136000
2023-11-14,49.621299743652344,49.799176764113575,49.00573287416369,49.645285046741414,416954000
2023-11-15,48.85383987426758,49.92508940872805,48.1663208904743,49.90010916476034,475497000
2023-11-16,49.445430755615234,49.49040129899944,48.296236480687845,48.64499167888518,339756000
2023-11-17,49.26355743408203,49.68226341163358,48.9727603803161,49.489397461523026,325205000
2023-11-20,50.373779296875,50.512682115669016,49.14663666812377,49.27754565599921,414120000
2023-11-21,49.909095764160156,50.481693358553215,49.18760022799973,50.09096777649301,565747000
2023-11-22,48.68195724487305,50.29982538193606,47.6566732297451,49.81716500278888,899420000
2023-11-24,47.742618560791016,48.8868189750065,47.711638178100976,48.43613388773008,294645000
2023-11-27,48.208290100097656,48.49608705256933,47.6187022270162,47.766597618423056,395662000
2023-11-28,47.78758239746094,48.289234319970646,47.439826002688484,48.202293315261734,401491000
2023-11-29,48.10636520385742,48.72793227517069,47.826562052543174,48.34520044689955,382005000
2023-11-30,46.73732376098633,48.076387698516726,46.389567324354005,47.990445435742124,526247000
2023-12-01,46.73232650756836,47.16702396235708,46.1547312180282,46.49249632095064,369317000
2023-12-04,45.47819519042969,46.04480030339198,44.97854459860675,46.04480030339198,437543000
2023-12-05,46.53755187988281,46.57152769132749,45.24334109197845,45.43822164958941,371718000
2023-12-06,45.475196838378906,47.35804843216662,45.38425283422849,47.18615263660435,380590000
2023-12-07,46.56753158569336,46.600512368918565,45.57613709541874,45.67207911260122,350823000
2023-12-08,47.47697830200195,47.71183534651791,46.52156105756746,46.566535548739374,359224000
2023-12-11,46.598514556884766,47.50196163403656,45.802004370558734,47.461988967358906,509728000
2023-12-12,47.62789535522461,47.63688873008438,46.017879199850015,46.017879199850015,372387000
2023-12-13,48.058624267578125,48.56431567041087,47.5789179572985,47.59990503689136,447792000
2023-12-14,48.320465087890625,48.640269318911756,47.3930343428762,48.36044156986005,391232000
2023-12-15,48.86013412475586,49.37382007835511,48.09060403450958,48.16456014183968,479948000
2023-12-18,50.04640579223633,50.4021872923408,49.1199739909024,49.369821256751614,412587000
2023-12-19,49.57369613647461,49.66963815936467,48.865129643017234,49.39380579664743,464444000
2023-12-20,48.08160400390625,49.96845091462431,48.068611458987135,49.62465933137436,397894000
2023-12-21,48.9600715637207,49.06500695718709,48.389417453965386,48.781180068606574,300425000
2023-12-22,48.8001708984375,49.352830653569725,48.43738988482299,49.16494577989552,252507000
2023-12-26,49.2488899230957,49.569692938536456,48.93008458769596,48.93807912022649,244200000
2023-12-27,49.386810302734375,49.64965012045702,49.05501239405432,49.48075464580007,233648000
2023-12-28,49.49174499511719,49.85352335128604,49.38181158719183,49.61267326878179,246587000
2023-12-29,49.49174499511719,49.96645709185245,48.721216111915,49.782567581126976,389293000
2024-01-02,48.138572692871094,49.26488309320295,47.565924699352884,49.21391556134482,411254000
2024-01-03,47.53994369506836,48.1545658999946,47.29109524263528,47.45599537073438,320896000
2024-01-04,47.96868133544922,48.47037358886087,47.4789789763883,47.737819636783634,306535000
2024-01-05,49.06700897216797,49.51673484987403,48.27649179251623,48.43239854255895,415039000
2024-01-08,52.22108459472656,52.24307433001581,49.44878056633185,49.48176135689829,642510000
2024-01-09,53.107540130615234,54.29181767502081,51.65842506490768,52.36899311649789,773100000
2024-01-10,54.31679916381836,54.56664645309511,53.45632503855136,53.58325017590931,533796000
2024-01-11,54.788509368896484,55.31219134586392,53.527283064841185,54.9654031964735,596759000
2024-01-12,54.67658233642578,54.93642566391885,54.29681718450093,54.586637155734685,352994000
2024-01-16,56.34755325317383,56.80027560728274,54.86646024002656,54.98438817814625,449580000
2024-01-17,56.01875686645508,56.43650076516492,54.70655929384397,56.3125759716749,474394000
2024-01-18,57.072113037109375,57.5648119047759,56.07272391506558,57.225019450786334,491650000
2024-01-19,59.45465850830078,59.46365188180549,57.19004013784853,57.95357335479518,543501000
2024-01-22,59.6175651550293,60.29415362361085,59.033922203847766,60.012324362995706,452955000
2024-01-23,59.83642578125,59.8734019281728,58.549210583878605,59.53360947543731,294654000
2024-01-24,61.32451248168945,62.810603561548206,59.901382639629475,60.26716017281773,560271000
2024-01-25,61.5793571472168,62.680685096135214,60.81282362309359,62.3119072339738,482777000
2024-01-26,60.993717193603516,61.74526054571479,60.53600059416135,60.92276141821586,390309000
2024-01-29,62.42684555053711,62.45082915252115,60.86979854333243,61.194596978340044,348733000
2024-01-30,62.73564529418945,63.45420777642383,62.22195939324812,62.86157157548254,410735000
2024-01-31,61.48941421508789,62.230961514394274,60.66291975637589,61.40246556305648,453795000
2024-02-01,62.988494873046875,63.15239614325578,61.612337231861346,62.06205926012063,369146000
2024-02-02,66.11958312988281,66.55930912654547,63.65108714697043,63.93491403332179,476578000
2024-02-05,69.2896499633789,69.45455008972388,67.16395031831868,68.1833239064927,680078000
2024-02-06,68.18132019042969,69.71138308978904,66.25949848302591,69.58745829595591,683111000
2024-02-07,70.05616760253906,70.17709586585252,67.55869397580136,68.27725642617484,495575000
2024-02-08,69.59844970703125,70.75074512715133,69.412566337875,70.03118381151026,414422000
2024-02-09,72.08893585205078,72.14089841148939,70.16910418058404,70.48990722179018,436637000
2024-02-12,72.203857421875,74.56541258706788,71.20646610395904,72.55563972624536,613710000
2024-02-13,72.08394622802734,73.40513741451034,69.57748237910234,70.35700477469595,602580000
2024-02-14,73.85486602783203,74.19065934700839,71.89406636072601,73.15729429339046,504917000
2024-02-15,72.61361694335938,73.9298138493264,72.35577892403286,73.82388341395547,420122000
2024-02-16,72.56863403320312,74.35654245789623,72.45670295069786,74.05472502125532,495327000
2024-02-20,69.4095687866211,71.91203666406658,67.69261615478561,71.90303947909813,704833000
2024-02-21,67.4307861328125,68.84592156210476,66.2075347659216,67.96445653317794,673755000
2024-02-22,78.49003601074219,78.52700835067758,74.17467237681947,74.97918103914212,865100000
2024-02-23,78.76885223388672,82.34366290568272,77.5226123761237,80.74064650613892,829388000
2024-02-26,79.04369354248047,80.59674521460998,78.45704646976243,79.6513162598183,503973000
2024-02-27,78.6529312133789,79.4314624072199,77.11487729009905,79.33251622087948,391705000
2024-02-28,77.61555480957031,78.88477556464643,77.07788148076835,77.57258181183745,393110000
2024-02-29,79.06367492675781,79.9411369643908,78.30213934805526,79.04568817875618,507289000
2024-03-01,82.2287368774414,82.24972776986829,79.38647244624788,79.95112973995113,479135000
2024-03-04,85.18492126464844,87.6414196546175,83.6678509917937,84.07859536447201,615616000
2024-03-05,85.91551208496094,86.04844030428545,83.36995155382468,85.22190326590307,520639000
2024-03-06,88.64997100830078,89.67339555623481,86.98091470216241,87.97235961581464,582520000
2024-03-07,92.6167221069336,92.71466639598263,89.55145092677502,90.10713703099752,608119000
2024-03-08,87.47863006591797,97.34506345152579,86.45720334881955,95.08433828640496,1142269000
2024-03-11,85.72563171386719,88.7469219574668,84.11853680206842,86.38026112101332,678364000
2024-03-12,91.86116027832031,91.90813084085208,86.10141029804566,87.9993412781643,668075000
2024-03-13,90.83673095703125,91.45238079004136,88.38511175577527,91.00363657004534,635713000
2024-03-14,87.8943862915039,90.59486542464842,86.55114274535384,89.52646826118793,602318000
2024-03-15,87.7874526977539,89.49548835416286,86.20834970674177,86.88096661769565,642086000
2024-03-18,88.40510559082031,92.35287440054489,87.03587564379455,90.33701387030251,668976000
2024-03-19,89.34758758544922,90.49293740706634,84.96206166270107,86.65110342037197,672171000
2024-03-20,90.32102966308594,90.35901024319512,88.17323967680368,89.74634940187569,479063000
2024-03-21,91.3834228515625,92.59574371140432,90.3540050520513,92.2479404308415,480372000
2024-03-22,94.2358169555664,94.72453954495887,90.78276394753543,91.0895899885777,586719000
2024-03-25,94.94841003417969,96.71141493346599,93.45725487677139,93.88801151365493,552136000
2024-03-26,92.5087890625,96.3206408094852,92.44982423178193,95.79693429152606,513648000
2024-03-27,90.1990966796875,93.18740810778951,89.07273343467564,93.0594819501001,586067000
2024-03-28,90.3050308227539,91.24849853375163,89.14268488587938,89.9492288448454,435212000
2024-04-01,90.31202697753906,92.17297617207028,89.15368416261286,90.24806771473163,452441000
2024-04-02,89.40153503417969,90.04317111245476,87.57056790887991,88.39809605770056,433064000
2024-04-03,88.91382598876953,90.32303448482294,88.35014869042175,88.43410095294554,370067000
2024-04-04,85.8565444946289,90.58288102989088,85.83155707073556,90.35500517909665,434965000
2024-04-05,87.95836639404297,88.4310991932804,85.87753991776991,86.81700456921507,399678000
2024-04-08,87.08384704589844,88.77988827828314,86.68307229452097,88.64995673788222,283220000
2024-04-09,85.30584716796875,87.58556628736338,82.97516956737525,87.39267436773328,501700000
2024-04-10,86.98990631103516,87.35070274664696,83.66178279831279,83.87866326448999,431929000
2024-04-11,90.56488800048828,90.687819723934,86.87697442257391,87.37069146521046,431637000
2024-04-12,88.1362533569336,90.1241374477614,87.48062516016698,89.64840039712969,426805000
2024-04-15,85.95250701904297,90.5619060136459,85.88054901990306,89.04776086993422,443077000
2024-04-16,87.3656997680664,88.06829858635284,86.01546379198004,86.38425134878223,370453000
2024-04-17,83.98760223388672,88.72492641813315,83.90264346955806,88.29016660250515,495400000
2024-04-18,84.62324523925781,86.14139337931326,82.35552770602675,84.9220802095837,447260000
2024-04-19,76.15702056884766,84.27643922651326,75.56336143765269,83.10310538210794,875198000
2024-04-22,79.47315216064453,80.02783946358336,76.35691439393003,78.05994814693265,596341000
2024-04-23,82.37651062011719,82.72231614993429,80.21873169463018,80.7234441336971,438559000
2024-04-24,79.63206481933594,84.03457921776213,79.13834013698539,83.90264988256477,512208000
2024-04-25,82.58538818359375,83.2759926322814,78.178871245499,78.82350402342217,424641000
2024-04-26,87.68553161621094,88.28119623524096,83.33998364388893,83.77074038243197,551011000
2024-04-29,87.70751190185547,87.94237235498613,85.21791179771557,87.54560070216142,388971000
2024-04-30,86.353271484375,88.76890816331654,86.25133163329888,87.19079630766022,363709000
2024-05-01,82.99415588378906,85.95148630832341,81.20916027802339,85.02901046138126,559863000
2024-05-02,85.76859283447266,86.18835408667036,83.15306466582874,84.4013606664833,377898000
2024-05-03,88.7389144897461,89.23063371341577,86.9909005732954,87.73947860212795,398341000
2024-05-06,92.08802795410156,92.16798466023728,89.00476895897276,89.3395790876885,376203000
2024-05-07,90.50292205810547,91.72922732116892,88.96079315014337,91.04661392300342,437342000
2024-05-08,90.36102294921875,91.14257969351397,89.36957790521554,89.43254592014647,325721000
2024-05-09,88.69695281982422,91.02063858717587,88.18124497678554,90.47794554376881,378013000
2024-05-10,89.82730102539062,91.3494445724532,89.17666725781999,90.25406212026445,335325000
2024-05-13,90.34803009033203,90.9466913648071,88.47908175529776,90.42698029967474,289680000
2024-05-14,91.30448150634766,91.5993133075769,88.88384272491611,89.5484686052902,296507000
2024-05-15,94.57662963867188,94.80850105677926,91.54734077306348,92.41984953324487,417735000
2024-05-16,94.3057861328125,95.7649618311796,94.04992617640089,94.85647788998737,323952000
2024-05-17,92.42683410644531,94.68656039026546,91.75421718471637,94.31577507944353,359691000
2024-05-20,94.72655487060547,95.1463162138061,93.38731412084368,93.6971368800976,318764000
2024-05-21,95.33219909667969,95.3461911389766,93.12744211033531,93.54620449229954,328946000
2024-05-22,94.89643859863281,95.96583473980165,93.19640167904086,95.40515417154504,548648000
2024-05-23,103.74046325683594,106.26003756449907,101.46274160839002,101.9704583406549,835065000
2024-05-24,106.40895080566406,106.41494412748668,102.94190563238328,104.39008586204577,429494000
2024-05-28,113.83676147460938,114.87417806167193,109.82102986026253,110.18182631936331,652728000
2024-05-29,114.76022338867188,115.42684694644582,110.83844096973402,112.98623077828327,557442000
2024-05-30,110.43766784667969,115.75366768594493,109.60114200461162,114.58532839037406,484553000
2024-05-31,109.5711669921875,112.65342715935483,106.87968513049076,112.45653205108225,613263000
2024-06-03,114.93513488769531,114.93513488769531,111.93982368190672,113.55691490102478,438392000
2024-06-04,116.371337890625,116.5342479883035,113.98068844224889,115.65075141504278,403324000
2024-06-05,122.3709487915039,122.37993877462908,117.40175277551737,118.30424338003813,528402000
2024-06-06,120.92975616455078,125.51616477932996,118.25326519915947,123.97803133753258,664696000
2024-06-07,120.81981658935547,121.62336396697008,117.95543577009146,119.70244332667052,412386000
2024-06-10,121.72130584716797,123.0305645078952,116.94400320335374,120.30210862140808,313434100
2024-06-11,120.85173797607422,122.81079255068147,118.68277788836801,121.71131653242202,222551200
2024-06-12,125.13966369628906,126.8188544177255,122.51093382538542,123.00069556163665,299595000
2024-06-13,129.5475311279297,129.7374419918796,127.09871503024357,129.32763594350715,260704500
2024-06-14,131.8164520263672,132.7759808624214,128.2581700274141,129.89737910282292,309320400
2024-06-17,130.9168701171875,133.66554475885698,129.5175509456389,132.9259111616535,288504400
2024-06-18,135.5146484375,136.26428691629846,130.62700616579136,131.07678620278367,294335100
2024-06-20,130.71697998046875,140.69216665961412,129.45759262565218,139.73263779444994,517768400
2024-06-21,126.50900268554688,130.5670512631637,124.24010000634735,127.05874067811743,649445800
2024-06-24,118.0530776977539,124.40001580098117,117.98311173916277,123.1806025577778,476060900
2024-06-25,126.02923583984375,126.43904192857353,119.2625015362155,121.14159285282038,414192600
2024-06-26,126.3390884399414,128.0582531537486,122.54091663746888,126.06921428451571,362975900
2024-06-27,123.93023681640625,126.34907621355548,122.86075284303976,124.04018440835473,252571700
2024-06-28,123.48046875,127.648457456266,122.69084852465333,124.5199685039101,315516700
2024-07-01,124.24010467529297,124.7798377464592,118.77273936918628,123.41050281013469,284885500
2024-07-02,122.61088562011719,123.35053451744282,120.97167651778796,121.07162680437523,218374000
2024-07-03,128.21817016601562,128.21817016601562,121.30150730962696,121.60136576540062,215749000
2024-07-05,125.76935577392578,128.78790450042015,125.61942654400949,127.3186041478144,214176700
2024-07-08,128.13819885253906,130.70696731901708,126.9787619894619,127.42854201917729,237677300
2024-07-09,131.3166961669922,133.7555228326683,128.58800070420872,130.28719371816868,285366600
2024-07-10,134.84498596191406,135.03489683470838,132.35618048673416,133.96540518326054,248978600
2024-07-11,127.33861541748047,136.08439171293904,126.98878558577707,135.68459054854569,374782700
2024-07-12,129.17774963378906,131.856451337425,127.15871841221467,128.19821072594715,252680500
2024-07-15,128.37808227539062,131.3266570475404,127.11868757874264,130.49705535546263,208326200
2024-07-16,126.2990951538086,128.97779607447222,124.5199543330253,128.37809442503013,214769500
2024-07-17,117.93313598632812,121.7912763806817,116.66375138152577,121.29151734126509,390086200
2024-07-18,121.03164672851562,122.3410206645978,116.50383081871446,121.79128264268718,320979500
2024-07-19,117.8731689453125,121.54139851435873,117.31344125378135,120.29200089882109,217223800
2024-07-22,123.48046875,124.01021213043963,119.8022417845173,120.29200352530061,258068900
2024-07-23,122.53092193603516,124.62991607602876,122.04116019537173,122.72083281792666,173911000
2024-07-24,114.19493865966797,119.89218856658098,113.38533146913761,119.1125656978158,327776900
2024-07-25,112.22588348388672,116.57378540069556,106.24876991914482,112.98551932388845,460067000
2024-07-26,113.0055160522461,116.14400233469152,111.52623350707361,116.13401264402222,293399100
2024-07-29,111.53620910644531,116.22395093081532,111.24635559929368,113.63520299096253,248152100
2024-07-30,103.68000793457031,111.93602131829121,102.49057904635741,111.46624662712419,486833300
2024-07-31,116.96359252929688,118.28295597890576,110.82655264429766,112.84558326649312,473174200
2024-08-01,109.15736389160156,120.10209097077005,106.75851907796755,117.47335365334001,523462300
2024-08-02,107.2182846069336,108.66759017560734,101.32113494189423,103.70998217587321,482027500
2024-08-05,100.40158081054688,103.36016082359782,90.64629054713856,92.01562533705626,552842400
2024-08-06,104.19976043701172,107.65809209854007,100.50154657010994,103.78995436151921,409012100
2024-08-07,98.8623275756836,108.74755983917498,98.64243239882663,107.75803154331864,411440400
2024-08-08,104.91940307617188,105.44914638290969,97.47298958555044,101.95083346973259,391910000
2024-08-09,104.69952392578125,106.54863093775165,103.3801603016259,105.58909444979487,290844200
2024-08-12,108.96746063232422,111.01647580125626,106.20879614847053,106.26876479464013,325559900
2024-08-13,116.08402252197266,116.1739831093698,111.52622277964618,112.38580888904526,312646700
2024-08-14,118.0230941772461,118.54284021234767,114.01502462748074,118.47287425328174,339246400
2024-08-15,122.80078887939453,123.18060299513529,117.41338717159643,118.70276637796893,318086700
2024-08-16,124.51995849609375,124.93975424016854,121.12159565561768,121.88123149659879,302589900
2024-08-19,129.93736267089844,129.93736267089844,123.36053125322975,124.22011749326396,318333600
2024-08-20,127.18867492675781,129.81741234204915,125.82932973595075,128.3381146113763,300087400
2024-08-21,128.4380645751953,129.28766098618868,126.59895509298427,127.25863301570179,257883600
2024-08-22,123.68036651611328,130.68699047324503,123.04067554756361,129.95734653679833,376189100
2024-08-23,129.30764770507812,129.53754784197983,125.15965381933411,125.79934477343178,323230300
2024-08-26,126.3990478515625,131.196729770517,124.31005885081005,129.50755712849073,331964700
2024-08-27,128.23817443847656,129.1377346219971,123.82029866993177,124.98974063480068,303134600
2024-08-28,125.54946899414062,128.26815944285755,122.580899020736,128.05825393148814,448101100
2024-08-29,117.5333251953125,124.37003270157089,116.65375204642187,121.30151255769351,453023300
2024-08-30,119.31246948242188,121.69131963851615,117.16350420185492,119.47238840117339,333751600
2024-09-03,107.94795227050781,116.15399476413343,107.238295351223,115.95409419910477,477155100
2024-09-04,106.1588134765625,113.21540862229497,104.06982436712501,105.3592035946603,372470300
2024-09-05,107.15833282470703,109.5971593888533,104.70951657024186,104.93940145906154,306850700
2024-09-06,102.78044891357422,108.09788494505915,100.90134998938433,107.98793734308131,413638100
2024-09-09,106.41868591308594,106.49864918568733,103.64002700878578,104.8294482794324,273912000
2024-09-10,108.04789733886719,109.34727382600163,104.89941402443941,107.75803619556127,268283700
2024-09-11,116.85365295410156,117.13351677378026,107.36822165058582,109.33727332924734,441422400
2024-09-12,119.0927734375,120.7421209186122,115.33426173002456,116.79368208487448,366052700
2024-09-13,119.05278778076172,119.91244749081417,117.55338237388469,119.03279906427295,238358300
2024-09-16,116.73371124267578,118.1331578565614,114.31467227697621,116.74370941440674,248772300
2024-09-17,115.54417419433594,118.75290839853001,114.78448096424103,118.12315326201993,231925900
2024-09-18,113.32505798339844,117.65333558843457,113.17511592459984,115.84405559100924,310318900
2024-09-19,117.82328033447266,119.61257171272585,117.20352335036759,117.30348218615993,293506400
2024-09-20,115.95402526855469,118.57298961925171,115.344266422119,117.01360271419077,382462400
2024-09-23,116.21391296386719,116.94361929782039,114.81446644323901,116.50379891378353,206228500
2024-09-24,120.82209014892578,121.75172180406905,115.33426088161053,116.47380837806097,354966800
2024-09-25,123.4610366821289,124.89047006468225,121.5617884105282,121.97162190060216,284692900
2024-09-26,123.9908218383789,127.61937987933592,121.75171208350119,126.7497296956914,302582900
2024-09-27,121.35187530517578,123.98082995705606,119.21272426875333,123.92085618310571,271009200
2024-09-30,121.39186096191406,121.45183473616015,118.1031642748816,118.26309688166123,226553700
2024-10-01,116.95361328125,122.39145893750027,115.74409392230913,121.72171877480598,302094500
2024-10-02,118.80289459228516,119.33268331688961,115.09436589368318,116.39385371455397,221845900
2024-10-03,122.80130004882812,124.31070361178112,120.29229289145833,120.87206480654892,277118000
2024-10-04,124.87047576904297,124.99043094258552,121.78170440742984,124.89047211115172,243678100
2024-10-07,127.66937255859375,130.58821322989388,124.9004663256647,124.94045138468705,346250200
2024-10-08,132.83731079101562,133.42707320550807,129.36868536610157,130.20834865989482,285722500
2024-10-09,132.59742736816406,134.46669669658758,131.32794162563073,134.05685551069462,246191600
2024-10-10,134.75656127929688,134.94648840712318,130.94807393580103,131.8577168886846,242311300
2024-10-11,134.74656677246094,135.72617401836632,133.60701929174726,133.9568713960576,170209500
2024-10-14,138.01527404785156,139.54466630986312,136.24597143489578,136.4159022137037,232347700
2024-10-15,131.54783630371094,138.5150744275185,128.68896947491228,137.8153397242487,377831000
2024-10-16,135.6662139892578,136.56585120891066,131.52785532391937,133.92689807815486,264879700
2024-10-17,136.87570190429688,140.83413853249198,136.81572813387166,139.28475003463748,306435900
2024-10-18,137.94529724121094,138.8449343829922,137.22558142668973,138.61502982502418,176090200
2024-10-21,143.6530303955078,143.6530303955078,137.94528751258602,138.07524085271365,264554500
2024-10-22,143.5330810546875,144.3627538949317,141.72380093133486,142.85335791004843,226311600
2024-10-23,139.50466918945312,142.37352650102258,137.40551088320953,141.97369118156848,285930000
2024-10-24,140.35433959960938,141.293969386979,138.40511570705533,140.76418072009866,172354900
2024-10-25,141.48388671875,144.0728716327459,140.74418981710016,140.8741279131319,205122100
2024-10-28,140.4643096923828,143.08326638426843,139.99449475491215,142.9433224828564,173586700
2024-10-29,141.19400024414062,142.20359433012132,138.8449258203989,140.23437413304583,157593600
2024-10-30,139.28475952148438,140.27437255912164,136.75576367804047,139.48467718743143,179418100
2024-10-31,132.70736694335938,137.55545044959692,132.05763071180766,137.54545990469654,270039600
2024-11-01,135.34632873535156,137.25557537634637,134.5166711244238,134.64660922766117,207127800
2024-11-04,135.99606323242188,138.90491316378314,135.5162578090522,137.15560698724303,187528200
2024-11-05,139.85455322265625,140.31436236962443,137.27557392202525,137.3955214816271,160537400
2024-11-06,145.55230712890625,146.431963336867,141.90375943017108,142.9033632109471,242043900
2024-11-07,148.8209991455078,148.8709671267726,146.1120664908763,146.33198051831096,207323300
2024-11-08,147.5714569091797,149.71060760531262,146.20198985995728,148.71100419118065,175665800
2024-11-11,145.20240783691406,148.7909962143961,143.51309063046196,148.62105018654825,182325600
2024-11-12,148.23118591308594,149.59064718789998,145.952091313065,146.72179022487757,198634700
2024-11-13,146.2120361328125,149.2708209864044,145.84217239532995,149.01092951776798,191903300
2024-11-14,146.70181274414062,148.94093020600926,145.49230097997514,147.5814687564354,194463300
2024-11-15,141.92369079589844,145.18240774117885,140.0244503789864,144.81254410002094,250132900
2024-11-18,140.09442138671875,141.49387540802257,137.09561095173166,139.44468522690033,221205300
2024-11-19,146.95172119140625,147.07168399645053,140.9341184421503,141.26398946372595,227834900
2024-11-20,145.83216857910156,147.5015047606034,142.67341754276418,147.3515703217148,309871700
2024-11-21,146.6118621826172,152.8293979645091,140.64422730754492,149.290807835149,400946600
2024-11-22,141.89373779296875,147.1016796207282,141.0440838257902,145.8721561256333,236406200
2024-11-25,135.96607971191406,141.99368792347047,135.7661620516237,141.93371415065735,344941900
2024-11-26,136.86570739746094,139.24476857370792,135.61620304064866,137.6453968958927,190287700
2024-11-27,135.2863311767578,137.1655905980091,131.74774157257602,134.95646019838466,226370900
2024-11-29,138.19520568847656,139.29477581313424,135.99608069190262,136.7257870913165,141863200
2024-12-02,138.57504272460938,140.39431322408433,137.76536630294407,138.77496038075373,171682800
2024-12-03,140.20440673828125,140.48429454860658,137.8953246767264,138.2051993772479,164414000
2024-12-04,145.08245849609375,145.73219470186731,140.23437518220274,141.94370396224937,231224300
2024-12-05,145.01248168945312,146.49199262942497,143.90284467102651,145.06246836220566,172621200
2024-12-06,142.3933563232422,145.65228325014007,141.26372149336697,144.5526526293818,188505600
2024-12-09,138.7645263671875,139.90415231737651,137.08508402113657,138.92447761551347,189308600
2024-12-10,135.0257568359375,141.77354545828368,133.74616214517607,138.96445323342698,210020900
2024-12-11,139.2643585205078,140.12407738797447,135.16571086465208,137.31500040642362,184905200
2024-12-12,137.29501342773438,138.39465924672223,135.75552453494274,137.03510407678786,159211400
2024-12-13,134.20602416992188,139.55427778956917,132.4965775973186,138.89449032268433,231514900
2024-12-16,131.95675659179688,134.35596424649526,130.37727237183418,134.13603509853905,237951100
2024-12-17,130.3472900390625,131.54689392732612,126.81844751374322,129.04771280436398,259410300
2024-12-18,128.8677978515625,136.65524065308236,128.23799923564917,133.81617414487124,277444500
2024-12-19,130.6371612548828,133.9860693668965,129.50754199406654,131.7168091066324,209719200
2024-12-20,134.65586853027344,135.2356803497186,128.1779956829599,129.76747112979962,306528600
2024-12-23,139.62425231933594,139.74420813475027,135.07573952144836,136.23536324975828,176053500
2024-12-24,140.174072265625,141.85351466107915,138.60457919611483,139.9541431061549,105157000
2024-12-26,139.88417053222656,140.8038826879709,137.68489400548984,139.65425012018665,116205600
2024-12-27,136.96511840820312,138.97446981750295,134.66588395063462,138.50462254046806,170582600
2024-12-30,137.4449462890625,140.22403398735426,133.97608228188028,134.78581438230358,167734700
2024-12-31,134.2460174560547,138.02479365615312,133.7861766339878,137.98479821279548,155659200
2025-01-02,138.26467895507812,138.83449951090427,134.58589206435911,135.9554382894446,198247200
2025-01-03,144.4226837158203,144.85253555834646,139.68423069189672,139.96413776465596,229322500
2025-01-06,149.38104248046875,152.11015917129038,147.77158452702758,148.5413213081193,265377400
2025-01-07,140.09408569335938,153.07983530547875,139.9641234037018,152.97986196669754,351782200
2025-01-08,140.06411743164062,143.90285624874434,137.51494945407615,142.53330977712477,227349900
2025-01-10,135.86549377441406,139.87417502688794,134.17604480086774,137.40498271998055,207602500
2025-01-13,133.1863555908203,133.4462801889749,129.4675728747113,129.94742663109315,204808900
2025-01-14,131.7168426513672,136.33533995791205,130.00741122442506,136.0054462036023,195590500
2025-01-15,136.1953887939453,136.4053114797544,131.24699764678536,133.60622538989423,185217300
2025-01-16,133.5262451171875,138.70454064615834,133.44626949753135,138.59457607585483,209235600
2025-01-17,137.66490173339844,138.45463626831489,135.41563868932835,136.6452315490251,201188800
2025-01-21,140.7838592529297,141.783531605571,137.04507916268696,139.11440825447346,197749000
2025-01-22,147.02183532714844,147.74158546149795,143.62293982675303,144.61262104889417,237651400
2025-01-23,147.17178344726562,147.18177468068177,143.67292977388993,145.0024960002277,155915500
2025-01-24,142.5732879638672,148.92121448023644,141.8335400716498,148.32140487495408,234657600
2025-01-27,118.38121032714844,128.3579371600633,116.66177248371496,124.75912547322825,818830900
2025-01-28,128.94773864746094,128.9577298793433,116.21190774010589,121.77008342453179,579666400
2025-01-29,123.65947723388672,126.8484347440811,120.01067894543576,126.45856310434583,467120600
2025-01-30,124.60917663574219,124.9590604797062,118.06131881584726,123.05968123503551,392925500
2025-01-31,120.03067016601562,127.80812056780856,119.15096116009843,123.73945402173636,388161100
2025-02-03,116.62178802490234,118.53115837860842,112.97298217131676,114.71241004430098,371235700
2025-02-04,118.61112976074219,121.16028976109213,116.66176403787988,116.92168099297385,256550000
2025-02-05,124.78910827636719,124.95905075493906,120.72044188886218,121.72011429490169,262230800
2025-02-06,128.63787841796875,128.72786055574414,125.169020482652,127.37829628086023,251483600
2025-02-07,129.79745483398438,130.32727996151158,124.95904429961287,129.17766285547097,228186300
2025-02-10,133.5262451171875,134.95576927734325,129.91742726932324,130.04737430419848,216989100
2025-02-11,132.7565155029297,134.43595803743202,130.9770996135579,132.5365863252507,178902400
2025-02-12,131.0970458984375,132.19669170682792,129.03772306980744,129.97741762356085,160278600
2025-02-13,135.24566650390625,136.455276767875,131.12702127315083,131.51689288233604,197430000
2025-02-14,138.8045196533203,139.20438251414282,135.45561099221797,136.43528567888637,195479600
2025-02-18,139.35433959960938,143.3930250185803,137.8848198127303,141.22373753647113,219176600
2025-02-19,139.1844024658203,141.31370984182348,137.17506616632772,139.46430955469114,167536000
2025-02-20,140.06411743164062,140.6139403685729,136.74519734237094,139.9841417995603,143903600
2025-02-21,134.38595581054688,141.41366694156105,133.98609294492073,139.99411868487,228217600
2025-02-24,130.23733520507812,138.544611438826,130.03740375103862,136.51527743543022,251381100
2025-02-25,126.5885238647461,130.1573543264651,124.39924631174091,129.93742515974864,271428700
2025-02-26,131.23699951171875,133.68619399137987,128.44792005609298,129.9474287481865,322553800
2025-02-27,120.11064910888672,134.96577503505506,119.97069557287365,134.9557838016939,443175800
2025-02-28,124.87908172607422,125.04902421361967,116.36187573271177,117.98134023479652,389091100
2025-03-03,114.02263641357422,123.65947815441595,112.2432206852501,123.46954557652553,411381400
2025-03-04,115.95201110839844,119.27092350243325,110.07393955565605,110.61376362073891,398163300
2025-03-05,117.26158142089844,118.2412561507128,114.47249437052442,117.54148848655969,284337900
2025-03-06,110.53378295898438,115.31221606989396,110.18389912538346,113.49281250827367,321181900
2025-03-07,112.6530990600586,113.44284126847423,107.52477413573757,111.21356818629886,341755500
2025-03-10,106.94496154785156,111.81336147496829,105.42545516002185,109.86400325750407,366487400
2025-03-11,108.724365234375,112.20322068732999,104.73566712840632,106.9549409312714,354865700
2025-03-12,115.71273803710938,116.7325020716217,112.85341103244578,114.09312447156262,323857500
2025-03-13,115.55277252197266,117.73225924433854,113.76319330991835,117.0024278677365,299033100
2025-03-14,121.6413345336914,121.85128414551467,118.12216714928688,118.5820578648422,277593500
2025-03-17,119.50183868408203,122.86104771124882,118.00219206936818,122.711081524258,255501500
2025-03-18,115.4028091430664,118.99195980676369,114.51301940530757,117.97220343827061,299686900
2025-03-19,117.49231719970703,120.42162740294437,115.6527542355049,117.24237608211885,273426200
2025-03-20,118.50206756591797,120.17167220516042,116.44255543913019,116.52253841801043,248829700
2025-03-21,117.6722640991211,117.9621966837067,115.39280254041711,116.91244866461768,266498500
2025-03-24,121.38140106201172,122.19120779583362,119.31188140429414,119.8517551027078,228452500
2025-03-25,120.66156768798828,121.26142480153007,118.89198043130345,120.5216012824151,167447200
2025-03-26,113.73320007324219,118.81199741904777,112.68344440410922,118.70203035263671,293463300
2025-03-27,111.40375518798828,114.42304053099558,110.6339399022949,111.32377219977147,236902100
2025-03-28,109.6441650390625,112.84341584506377,109.04430789656145,111.46373602695421,229872500
2025-03-31,108.35446166992188,110.9338556226425,103.6255803841977,105.10522740758995,299212700
2025-04-01,110.12405395507812,110.17403760023085,106.4449205320371,108.49443304563391,222614000
2025-04-02,110.39398193359375,111.95361956622256,106.76483994973236,107.26472214391917,220601200
2025-04-03,101.7760238647461,105.60511590388697,101.57606639857329,103.48562015563714,338769400
2025-04-04,94.28778076171875,100.10640942744341,92.08830207120735,98.88670323249266,532273800
2025-04-07,97.61698913574219,101.72602116602216,86.59958951154498,87.43938789235719,611041300
2025-04-08,96.27731323242188,105.82505852328022,94.43774279946976,103.78553826456235,476243400
2025-04-09,114.30307006835938,115.07288532975399,97.50702445286697,98.86670469924479,612918300
2025-04-10,107.5446548461914,110.83388059600858,99.12664053501021,109.34423379452805,437812400
2025-04-11,110.90386962890625,111.52372632761113,107.45468536211307,108.4744417347206,313417300
2025-04-14,110.68392181396484,114.26308039077927,109.04430871921362,114.08312248391158,264705000
2025-04-15,112.1735610961914,113.5932323217664,110.47396469045397,110.94385517244878,228966900
2025-04-16,104.46538543701172,106.76484672728219,100.4263361362673,104.52537649088836,397016900
2025-04-17,101.46607971191406,104.44538077133734,100.02642426353728,104.4253812132841,292517500
2025-04-21,96.88717651367188,99.41657935183265,95.01761424618036,98.74673137333838,288501100
2025-04-22,98.86669158935547,99.78647292005905,97.25707044682602,98.75671690551087,241004800
2025-04-23,102.68579864501953,104.77531016741209,101.99595878138034,104.4953697335839,247526000
2025-04-24,106.40492248535156,106.51489717654988,103.08570507328525,103.45562063709751,220815000
2025-04-25,110.98385620117188,111.8936379045766,105.70510100806126,106.82483233532861,251064700
2025-04-28,108.70439910888672,110.34401230383385,105.9950305600335,109.66417212829982,207708500
2025-04-29,108.99431610107422,110.17403844763395,107.41469407982767,107.64463563001284,170444300
2025-04-30,108.89433288574219,108.89433288574219,104.05547701680861,104.44538450923935,235044600
2025-05-01,111.58370208740234,114.91291927434723,111.27377757314032,113.05335693358144,236121500
2025-05-02,114.47303009033203,115.37281962529518,113.34329900218786,114.15310576985596,190194800
2025-05-05,113.7931900024414,114.64298826396649,112.63346720059009,112.88340831442672,133163200
2025-05-06,113.51325988769531,114.7129742117387,110.7938992837595,111.4537475013017,158525600
2025-05-07,117.03242492675781,117.65228163619798,112.25355204144066,113.02337494499027,206758800
2025-05-08,117.34235382080078,118.65204278244111,115.82270761670769,118.22214377270919,198428100
2025-05-09,116.62252044677734,118.20215005190205,115.18285724943865,117.32235248570746,132972200
2025-05-12,122.97102355957031,122.97102355957031,120.25166311897564,121.94126742822685,225023300
2025-05-13,129.89938354492188,131.18908818741485,124.44067836400953,124.95056035306071,330430100
2025-05-14,135.30810546875,135.40808800730593,131.6489642323906,133.16861033831793,281180800
2025-05-15,134.79824829101562,136.26790331471523,132.62876117393418,134.25836692241,226632600
2025-05-16,135.36810302734375,136.31789147723805,133.42857277146337,136.18791721457987,226542500
2025-05-19,135.53805541992188,135.83797251007488,132.35879696756518,132.35879696756518,193154600
2025-05-20,134.3483428955078,134.54829272140586,132.58874781513978,134.2583525069389,161514200
2025-05-21,131.76895141601562,137.36762292180558,130.55922977564506,133.02864907239967,270608700
2025-05-22,132.7987060546875,134.21836966107523,131.51900885300861,132.19884131725317,187344000
2025-05-23,131.25906372070312,132.64873565144939,129.12957588399638,129.96937433382988,198821300
2025-05-27,135.4680633544922,135.6280293045703,133.27857708527512,134.1183754403962,192953600
2025-05-28,134.7782440185547,137.2176717346689,134.75824445795843,135.9979578766118,304021100
2025-05-29,139.15721130371094,143.45620133736625,137.87751407348716,142.21648797143945,369241900
2025-05-30,135.09817504882812,139.58710766728817,132.88868890141003,138.6873257641086,333170900
2025-06-02,137.34764099121094,138.08745689917103,135.36809645457458,135.45808684638126,197663100
2025-06-03,141.1867218017578,141.9665367692297,137.91748812723765,138.74729436292043,225578800
2025-06-04,141.88656616210938,142.3564566649135,139.5071219355859,142.15650682982962,167120800
2025-06-05,139.95701599121094,143.96606551828813,138.79728569106723,142.13649493837005,231397900
2025-06-06,141.6865997314453,143.23623746842864,141.47664251332282,142.47640682683559,153986200
2025-06-09,142.59640502929688,144.96584183837217,141.9065651342004,143.15627066728982,185114500
2025-06-10,143.92608642578125,144.25599524562207,141.4966510569608,142.65638139553192,155881900
2025-06-11,142.80625915527344,144.96590375929992,141.84641202362192,144.5859620448177,167694000
2025-06-12,144.9759063720703,144.9759063720703,141.82643588786814,141.94641106631286,162365000
2025-06-13,141.94639587402344,143.556128789635,140.8265869783813,142.4563055840922,180820600
2025-06-16,144.66595458984375,146.1556971839991,143.1761967394354,143.32618096280035,183133700
2025-06-17,144.09603881835938,145.1958620737219,143.75609899624828,144.46598768948277,139108000
2025-06-18,145.455810546875,145.62578045463974,143.0962022725339,143.9860537050978,161494100
2025-06-20,143.8260955810547,146.17569581398777,142.6262828381709,145.42582047781178,242956200
2025-06-23,144.1460418701172,144.7559411184857,142.00639807778802,142.47632119978937,154308900
2025-06-24,147.8754119873047,147.9354148301798,145.4758169849003,145.53580457152245,187566100
2025-06-25,154.28436279296875,154.4243389252029,149.23519867353343,149.24520677628502,269146500
2025-06-26,154.99423217773438,156.69394650127538,153.97439748110884,155.95406403411533,198145700
2025-06-27,157.72377014160156,158.68361723049148,155.2341786737402,156.01404775885302,263234500
2025-06-30,157.96376037597656,158.6336472456001,155.93409881773164,158.37368067249696,194580300
2025-07-01,153.2745361328125,157.17388214393176,151.46483925954294,156.26402965591922,213143600
2025-07-02,157.22386169433594,157.57380961936815,152.94457434216997,152.9545671877056,171224100
2025-07-03,159.3135223388672,160.95324924613055,157.74379112425564,158.34368228178877,143716100
2025-07-07,158.21371459960938,159.28352889047815,157.31385497697042,158.17371270193448,140139000
2025-07-08,159.97340393066406,160.19336858156893,158.36367094336165,159.30351713245472,138133000
2025-07-09,162.85293579101562,164.39267314506114,161.13322041798892,161.1932080055649,183656400
2025-07-10,164.07273864746094,164.4726660794993,161.5831469026993,164.29270331195812,167704100
2025-07-11,164.89259338378906,167.862101078866,163.44283738179527,163.6927958392512,193633300
2025-07-14,164.04273986816406,165.4625020418882,161.99307751467913,165.3425116109199,136975800
2025-07-15,170.671630859375,172.37134531045626,169.17188012202328,171.1615549258278,230627400
2025-07-16,171.34152221679688,171.72146396229547,168.87193138356372,171.03157616389174,158831500
2025-07-17,172.97125244140625,174.13106334471073,170.80161486292053,171.99141956059896,160841100
2025-07-18,172.38134765625,174.22103817113316,171.23152964225835,173.61113894806013,146456400
2025-07-21,171.35153198242188,173.35119970444802,170.97159023323564,172.72129949000853,123126100
2025-07-22,167.00225830078125,171.36153479867312,164.55266825003173,171.31154005146294,193114300
2025-07-23,170.75161743164062,171.23153339032083,167.94208685699226,169.5018251648929,154082200
2025-07-24,173.7111358642578,173.80111724784433,171.27153886755505,172.41134882841166,128984600
2025-07-25,173.47117614746094,174.69097468726906,172.9312725713388,173.58115848322245,122316800
2025-07-28,176.7206268310547,176.97058528484683,173.94109004538618,173.99108478739527,140023500
2025-07-29,175.4808349609375,179.35020236643535,174.99092613442062,177.93044011853775,154077500
2025-07-30,179.24021911621094,179.86011122312902,176.01074478620916,176.48066791766442,174312200
2025-07-31,177.84043884277344,183.26954448460754,175.9007587673991,182.86960179799485,221685400
2025-08-01,173.69113159179688,176.51065501732398,170.86160006411595,174.06106522140865,204529000
2025-08-04,179.9700927734375,180.17005649193501,174.49100755408614,175.1309006070304,148174600
2025-08-05,178.23037719726562,180.23004490386853,175.87076869322405,179.59015184800575,156407600
2025-08-06,179.3901824951172,179.87009845787975,176.22071111043454,176.30069964693718,137192300
2025-08-07,180.73997497558594,183.84945895635624,178.7703010091291,181.53984513179375,151878400
2025-08-08,182.6696319580078,183.26953833968557,180.3700111699138,181.51982919208731,123396700
2025-08-11,182.0297393798828,183.80944232526838,180.2200426409657,182.01974653412333,138323200
2025-08-12,183.1295623779297,184.44933506001817,179.4301803710301,182.9295986692803,145485700
2025-08-13,181.55982971191406,183.93943921657484,179.3202115957667,182.58965738273272,179871700
2025-08-14,181.98974609375,182.98957985829236,179.43017409752198,179.72011917648817,129554000
2025-08-15,180.42001342773438,181.86976944489334,178.01041021115256,181.84978375259033,156602200
2025-08-18,181.979736328125,182.90958965389834,180.55997422620712,180.56998232776263,132008000
2025-08-19,175.61080932617188,182.46966985536903,175.46084035755914,182.39967416584764,185229200
2025-08-20,175.370849609375,175.9707560164781,168.77195541250927,175.1408920976954,215142700
2025-08-21,174.95091247558594,176.87059152353538,173.78110877087863,174.8209444570093,140040900
2025-08-22,177.96043395996094,178.56032512128596,171.17155351749952,172.58132291943235,172789400
2025-08-25,179.78012084960938,181.87977802218637,176.54066896263805,178.3203719824875,163012800
2025-08-26,181.7397918701172,182.35968393651802,178.7802771456414,180.03006938032237,168688200
2025-08-27,181.56982421875,182.45967569067753,179.07023971825097,181.94975068857377,235518900
2025-08-28,180.1400604248047,184.43934897141472,176.3806906932069,180.7899615720414,281787800
2025-08-29,174.1510467529297,178.12038822306508,173.12121914292007,178.08040158317536,243257900
2025-09-02,170.75161743164062,172.351357635579,167.19221149694363,169.9717482776903,231164900
2025-09-03,170.59165954589844,172.38137081666613,168.851958278929,171.03158891427162,164424900
2025-09-04,171.63148498535156,171.83144870716828,169.381858788342,170.54166973363456,141670100
2025-09-05,166.9922637939453,169.0019244592772,164.04275681292185,168.00209055003162,224441400
2025-09-08,168.2820281982422,170.93159698121408,167.32219627229085,167.5221599855096,163769100
2025-09-09,170.7316131591797,170.95157781434446,166.71229229208453,169.0618925540675,157548400
2025-09-10,177.300537109375,179.26020289704138,175.44084555219968,176.61064931709572,226852000
2025-09-11,177.1505584716797,180.26021784214308,176.4606317396978,179.66027757334626,151159300
2025-09-12,177.80047607421875,178.5803891806412,176.43061617633268,177.75047851465564,124911000
2025-09-15,177.73049926757812,178.83038469078608,174.49084923140515,175.650725630949,147061600
2025-09-16,174.86080932617188,177.4805168617991,174.36086420825131,176.98057174387853,140737800
2025-09-17,170.27130126953125,173.18098551277336,168.39151800406466,172.62104942275718,211843800
2025-09-18,176.2206573486328,177.08056354559588,172.94101865721873,173.96089569350613,191763300
2025-09-19,176.6505889892578,178.06043774665943,175.16074718989944,175.7506939671915,237182100
2025-09-22,183.58984375,184.52974299714734,174.69082690233378,175.28075846993005,269637000
2025-09-23,178.410400390625,182.3999677661597,176.19065819152993,181.95002022927713,192559600
2025-09-24,176.9505615234375,179.76025041106172,175.38072666046574,179.75025700209653,143564100
2025-09-25,177.67050170898438,180.2402117285651,173.11100459099512,174.4608472798892,191586700
2025-09-26,178.17044067382812,179.750269051669,174.91078879333958,178.15043859744398,148573700
2025-09-29,181.83004760742188,183.97980553666213,180.30021674934378,180.41019002973698,193063500
2025-09-30,186.55950927734375,187.32942897828707,181.4600633204032,182.06000352373024,236981000
2025-10-01,187.21945190429688,188.11934700723293,183.87980694521147,185.21967144700423,173844900
2025-10-02,188.8692626953125,191.0290292282152,188.03935198339767,189.57919146332628,136805800
2025-10-03,187.5994110107422,190.33911589327732,185.35966652947783,189.16924608680657,137596900
2025-10-06,185.51962280273438,187.20943969833962,183.3098739831843,185.4796339074747,157678100
2025-10-07,185.01968383789062,189.03924688644503,183.97980469837793,186.20955566811082,140088000
2025-10-08,189.0892333984375,189.57918508139647,186.51950830089396,186.5495190429729,130168900
2025-10-09,192.54885864257812,195.27855455286462,191.039014711271,192.20888438710807,182997200
2025-10-10,183.139892578125,195.59851591827854,182.03001384654092,193.4887469873255,268774400
2025-10-13,188.29933166503906,190.08912842775598,185.93959015922437,187.9493639887039,153482800
2025-10-14,180.01022338867188,184.77970370013514,179.6802578066599,184.74970821605342,205641400
2025-10-15,179.8102569580078,184.84969686580231,177.2705272995106,184.77971248532194,214450500
2025-10-16,181.7900390625,183.2598789113643,179.75026972003684,182.20999112544493,179723300
2025-10-17,183.19989013671875,184.07979842608083,179.7302697995737,180.1602152773484,173135200
2025-10-20,182.6199493408203,185.1796658652692,181.7100455780644,183.10990104163824,128544700
2025-10-21,181.14010620117188,182.76991679751694,179.7802549646251,182.76991679751694,124240200
2025-10-22,180.2602081298828,183.4198648953589,176.74059027394597,181.12011433169937,162249600
2025-10-23,182.13999938964844,183.0098989665471,179.7702492811968,180.4001849787377,111363700
2025-10-24,186.23953247070312,187.44940625639555,183.47984116964938,183.81980015643103,131296700
2025-10-27,191.46897888183594,191.97891738858848,188.4093020699799,189.9691435897376,153452700
2025-10-28,201.0079345703125,203.12769700573313,191.8889404255143,193.0288146936141,297986200
2025-10-29,207.01727294921875,212.1667169482571,204.7575264516481,207.95717223581016,308829600
2025-10-30,202.8677215576172,206.13736677538768,201.38788833732997,205.12746791137428,178864400
2025-10-31,202.4677734375,207.94716749796044,202.04782138155986,206.42733011185774,179802200
2025-11-03,206.85728454589844,211.31678618801203,205.53742218982754,208.05714970598171,180267300
2025-11-04,198.66818237304688,203.9476013046771,197.90825607143535,202.9777066091775,188919300
2025-11-05,195.18858337402344,202.89772869539195,194.6286320152979,198.7481902403631,171350300
2025-11-06,188.05935668945312,197.59830279082226,186.35954634625867,196.39843756369172,223029800
2025-11-07,188.1293487548828,188.29934352754728,178.8903723972709,184.87970536775757,264942300
2025-11-10,199.0281524658203,199.91805415635875,193.76872011438098,195.08858253564551,198897100
2025-11-11,193.1387939453125,195.3985402959953,191.2789975702345,195.13857433756354,176483300
2025-11-12,193.7787322998047,195.86849924763862,191.1090271797132,195.69851973704638,154935300
2025-11-13,186.8394775390625,191.4189763426968,183.82981362374773,191.02901978717685,207423100
2025-11-14,190.14910888671875,190.98901295495202,180.56016596493993,182.8399142970662,186591900
2025-11-17,186.5795135498047,188.9792438771453,184.29976516169708,185.9495778546046,173628900
2025-11-18,181.340087890625,184.7797126313021,179.6302689297591,183.3598703733926,213598900
2025-11-19,186.49952697753906,187.8393762025218,182.8099296469334,184.76970592228736,247246400
2025-11-20,180.6201629638672,195.97847686300787,179.83025642841662,195.92847930218133,343504800
2025-11-21,178.86036682128906,184.5397359279593,172.91100782704066,181.22010834266524,346926200
2025-11-24,182.52996826171875,183.4798609481747,176.4606271183833,179.47030653663683,256618300
2025-11-25,177.80047607421875,178.14043506786686,169.53138015579162,174.89079203873564,320600300
2025-11-26,180.24020385742188,182.8899220695924,178.22043661727494,181.6100638206842,183852000
2025-11-28,176.98056030273438,179.2703020816569,176.48061521713345,178.99033405428943,121332800
2025-12-01,179.90025329589844,180.2802164760195,173.66093259662904,174.7408159055669,188131000
2025-12-02,181.44007873535156,185.63961443898967,179.98023235974816,181.7400335835938,182632200
2025-12-03,179.57028198242188,182.4299686383783,179.09033894604931,181.06012391136443,165138000
2025-12-04,183.37008666992188,184.51002440204854,179.95027347354184,181.61017209543593,167364900
2025-12-05,182.40013122558594,184.6500094505641,180.9002124089338,183.88004685245298,143971100
2025-12-08,185.5399627685547,187.98982714518382,182.39012406320575,182.6301165694494,204378100
2025-12-09,184.95999145507812,185.70995086836587,183.31008684903045,185.54995586495326,144719700
2025-12-10,183.77005004882812,185.46995496958337,182.03013874897007,184.9599880707457,162785400
2025-12-11,180.92019653320312,181.31019006496976,176.61043233199788,180.27023782951787,182136600
2025-12-12,175.01052856445312,182.81010931847595,174.61054106596097,181.10019518559332,204274900
2025-12-15,176.28045654296875,178.4103461991077,175.02053019793698,177.93037643785232,164775600
2025-12-16,177.71038818359375,178.48035080582065,174.8905333961456,176.25046044282257,148588100
2025-12-17,170.93075561523438,176.12047730871902,170.30078481189744,176.0904801521757,222775500
2025-12-18,174.1305694580078,176.14045512074784,171.8107030234881,174.52054772862792,176096000
2025-12-19,180.98020935058594,181.4401759084778,176.3304518785618,176.6604358481607,324925900
2025-12-22,183.6800537109375,184.15002947616998,182.34012994783166,183.91003698180788,129064400
2025-12-23,189.19976806640625,189.31975669034466,182.89009670029142,182.96010023623109,174873600
2025-12-24,188.59979248046875,188.899779295176,186.57989753660073,187.92983057380172,65528500
2025-12-26,190.51968383789062,192.67957056140054,187.98982202804387,189.9097162518428,139740300
2025-12-29,188.20980834960938,188.749772392931,185.8999358866866,187.6998414610299,120006100
2025-12-30,187.52984619140625,188.9797799436452,186.91987858592935,188.22982052336855,97687300
2025-12-31,186.4899139404297,190.54969193131708,186.47991997410415,189.55975523635485,120100500
2026-01-02,188.83978271484375,192.91954841717475,188.24980305842183,189.82971935613102,148240500
2026-01-05,188.1098175048828,193.61952916959007,186.13992286460274,191.74961996436147,183529700
2026-01-06,187.22987365722656,192.15959956375178,186.80989821500853,190.50969495089785,176862600
2026-01-07,189.09976196289062,191.35963411085106,186.54989697142676,188.55979791265688,153543200
2026-01-08,185.0299835205078,189.53974931649188,183.70006889406122,189.09977067708235,172457000
2026-01-09,184.84999084472656,186.32990643372668,183.66005283935564,185.06998015284367,131327500
2026-01-12,184.92999267578125,187.10986736077922,183.010098425574,183.2100845491025,137968500
2026-01-13,185.79994201660156,188.0998205983224,183.3900687774691,184.9899882929175,160128900
2026-01-14,183.1300811767578,184.45001701406107,180.79021156477043,184.3100252062831,159586100
2026-01-15,187.03988647460938,189.6897370464893,186.31992419508657,186.48991316970114,206188600
2026-01-16,186.21990966796875,190.4296883714215,186.06992389502736,189.06976141755646,187967200
2026-01-20,178.06036376953125,182.37012791600927,177.60038196777572,181.89014292514364,223345300
2026-01-21,183.31008911132812,185.3699752173061,178.3903418724365,179.04031586008543,200381000
2026-01-22,184.82998657226562,186.15991637882954,183.92003219020145,184.7399951080077,139636600
2026-01-23,187.6598358154297,189.58973923983262,186.80989099781206,187.48984685190618,142748100
2026-01-26,186.4599151611328,189.1097657209082,185.97994539629804,187.1498802806874,124799600
2026-01-27,188.50979614257812,189.9897117301412,185.6899415183402,187.22986667366473,143711600
2026-01-28,191.5096435546875,192.33960048487265,189.82972650403363,191.25965707901594,148552700
2026-01-29,192.49957275390625,193.46952146246272,186.04992498376654,191.32963792417547,171764400
2026-01-30,191.11965942382812,194.47947816452233,189.45974561417185,191.19965692455457,179489500
2026-02-02,185.59996032714844,190.2897090701948,184.87000408758857,187.1898706566695,165794100
2026-02-03,180.33023071289062,186.25991753048794,176.22045266395375,186.22992037566058,204019600
2026-02-04,174.18057250976562,179.57028010697434,171.90069716024271,179.45029148582987,207014100
2026-02-05,171.87069702148438,176.81043194569037,171.020736948564,174.92051964769362,206312900
2026-02-06,185.39996337890625,186.98987361565233,174.59055120100808,176.6804343618602,231346200
2026-02-09,190.0297088623047,193.64952333361757,183.9400420976916,184.25002288009932,196387400
2026-02-10,188.52978515625,192.46957427391544,188.10980972728564,191.36964298604585,136764800
2026-02-11,190.0397186279297,193.24953637655122,188.75978911487715,192.43958265041238,144192700
2026-02-12,186.9298858642578,193.5995230748733,186.49990120030046,193.01955263160718,189932500
2026-02-13,182.80010986328125,187.4898586352177,181.58017462912434,187.4698554447334,161888000
2026-02-17,184.95999145507812,187.13986615921206,179.17029624003743,181.74016448672575,162276900
2026-02-18,187.96981811523438,190.3596881055438,186.7498829478333,188.73978069812654,164749100
2026-02-19,187.88983154296875,188.41980165789556,185.64996245587088,187.04988063530703,126554500
2026-02-20,189.8097381591797,190.31970507557438,185.92994318264132,186.5599139825128,178422300
2026-02-23,191.53964233398438,193.93950641757905,189.56974766836524,191.3896412925324,171584800
2026-02-24,192.83956909179688,193.75951747058733,187.38985183856119,191.47964208446245,175123600
2026-02-25,195.54940795898438,197.61930319203404,193.77949953248776,194.43946745531196,250637100
2026-02-26,184.87998962402344,194.27947461393586,184.31002841741252,194.25948668244985,360807900
2026-02-27,177.180419921875,182.5801217841234,176.3704661683341,181.2401979138715,311636500
2026-03-02,182.47012329101562,183.45008125730604,174.63055110847353,175.00052620838028,209095300
2026-03-03,180.04025268554688,180.8901975001603,176.91041730394699,178.4803396065267,178099400
2026-03-04,183.03009033203125,184.69000418349444,180.0502558302461,180.4302401537762,177731200
2026-03-05,183.330078125,184.05004039552568,177.87038204113773,181.1601973472636,198779700
2026-03-06,177.8103790283203,182.7500987288974,176.81043317462274,179.83025866705609,189021900
2026-03-09,182.64010620117188,182.90010189125664,175.55049367782217,176.82042919903367,177213600
2026-03-10,184.760009765625,186.42991760168223,182.00014929336922,182.39012758732315,179118500
2026-03-11,186.02999877929688,187.6199951171875,184.4499969482422,185.91000366210938,145280400
2026-03-12,183.13999938964844,184.94000244140625,181.75,184.0500030517578,155762700
2026-03-13,180.25,186.08999633789062,179.94000244140625,184.9199981689453,160988400
2026-03-16,183.22000122070312,188.8800048828125,181.41000366210938,182.97000122070312,217307400
2026-03-17,181.92999267578125,185.39999389648438,181.67999267578125,185.05999755859375,182497800
2026-03-18,180.39999389648438,183.3800048828125,180.3300018310547,182.47999572753906,156683100
2026-03-19,178.55999755859375,179.97999572753906,175.7899932861328,178.00999450683594,170968500
2026-03-20,172.6999969482422,178.25999450683594,171.72000122070312,178.0,241323500
2026-03-23,175.63999938964844,178.3699951171875,174.75999450683594,177.25999450683594,182836300
2026-03-24,175.1999969482422,176.22000122070312,173.97999572753906,174.8300018310547,147667800
2026-03-25,178.67999267578125,181.22000122070312,176.85000610351562,177.10000610351562,162602100
2026-03-26,171.24000549316406,176.50999450683594,171.13999938964844,176.07000732421875,186152200
2026-03-27,167.52000427246094,170.97000122070312,167.00999450683594,170.0,196212700
2026-03-30,165.1699981689453,169.4499969482422,164.27000427246094,168.77999877929688,185627000
2026-03-31,174.39999389648438,174.6199951171875,166.9600067138672,166.97000122070312,226181300
2026-04-01,175.75,177.3699951171875,174.75,176.0,168132000
2026-04-02,177.38999938964844,177.49000549316406,171.3699951171875,172.17999267578125,143143200
2026-04-06,177.63999938964844,177.7899932861328,175.75999450683594,177.16000366210938,107564300
2026-04-07,178.10000610351562,178.22999572753906,173.66000366210938,175.72999572753906,132534900
2026-04-08,182.0800018310547,185.25999450683594,180.3000030517578,184.5,147732700
2026-04-09,183.91000366210938,184.0800018310547,180.6199951171875,181.83999633789062,116428500
2026-04-10,188.6300048828125,190.0,184.3000030517578,184.30999755859375,160459500
2026-04-13,189.30999755859375,189.66000366210938,185.74000549316406,186.02999877929688,133648200
2026-04-14,196.50999450683594,196.50999450683594,190.77000427246094,190.83999633789062,161307000
2026-04-15,198.8699951171875,200.39999389648438,195.74000549316406,196.5399932861328,185338400
2026-04-16,198.35000610351562,199.85000610351562,195.80999755859375,197.42999267578125,134012900
2026-04-17,201.67999267578125,201.6999969482422,199.27000427246094,199.89999389648438,160324400
2026-04-20,202.05999755859375,202.1699981689453,197.83999633789062,199.97999572753906,119381400
2026-04-21,199.8800048828125,202.75,199.0,202.1300048828125,107945300
2026-04-22,202.5,202.5,199.0,200.99000549316406,107501000
2026-04-23,199.63999938964844,203.8300018310547,197.22000122070312,202.4600067138672,113561800
2026-04-24,208.27000427246094,210.9499969482422,199.80999755859375,199.9600067138672,214134400
2026-04-27,216.61000061035156,216.8300018310547,207.3800048828125,209.64999389648438,187172400
2026-04-28,213.1699981689453,214.72999572753906,208.1999969482422,209.49000549316406,180275400
2026-04-29,209.25,212.72000122070312,207.5800018310547,212.6999969482422,123711800
2026-04-30,199.57000732421875,210.3000030517578,198.6999969482422,209.92999267578125,225239200
